scenario_id,nurse_id,day,request_type,weight
1,0,1,PREF_N,1.0
1,0,9,OFF,1.0
1,0,11,OFF,1.0
1,0,14,PREF_E,1.0
1,0,15,PREF_D,1.0
1,0,17,PREF_N,1.0
1,0,22,OFF,1.0
1,0,26,OFF,1.0
1,1,5,OFF,1.0
1,1,8,PREF_E,1.0
1,1,10,PREF_D,1.0
1,1,16,PREF_D,1.0
1,1,19,OFF,1.0
1,1,30,PREF_N,1.0
1,1,31,OFF,1.0
1,2,12,OFF,1.0
1,2,17,PREF_D,1.0
1,2,19,PREF_E,1.0
1,2,20,PREF_N,1.0
1,2,28,PREF_E,1.0
1,2,29,OFF,1.0
1,2,31,PREF_E,1.0
1,3,2,PREF_D,1.0
1,3,10,PREF_E,1.0
1,3,11,PREF_D,1.0
1,3,20,OFF,1.0
1,3,23,PREF_D,1.0
1,3,24,PREF_E,1.0
1,4,1,OFF,1.0
1,4,2,PREF_D,1.0
1,4,20,PREF_D,1.0
1,4,21,OFF,1.0
1,4,23,PREF_E,1.0
1,4,26,PREF_E,1.0
1,4,28,PREF_N,1.0
1,4,30,PREF_E,1.0
1,4,31,PREF_D,1.0
1,5,1,OFF,1.0
1,5,2,OFF,1.0
1,5,3,PREF_N,1.0
1,5,4,OFF,1.0
1,5,12,OFF,1.0
1,5,13,PREF_N,1.0
1,5,18,OFF,1.0
1,5,21,PREF_D,1.0
1,5,23,OFF,1.0
1,5,25,OFF,1.0
1,6,2,PREF_E,1.0
1,6,10,PREF_E,1.0
1,7,4,PREF_E,1.0
1,7,6,OFF,1.0
1,7,8,OFF,1.0
1,7,10,PREF_E,1.0
1,7,19,OFF,1.0
1,7,21,PREF_N,1.0
1,7,31,PREF_D,1.0
1,8,1,PREF_D,1.0
1,8,2,OFF,1.0
1,8,13,PREF_E,1.0
1,8,14,PREF_E,1.0
1,8,27,PREF_D,1.0
1,8,30,PREF_D,1.0
1,9,2,OFF,1.0
1,9,11,PREF_D,1.0
1,9,16,PREF_D,1.0
1,9,20,OFF,1.0
1,9,22,OFF,1.0
1,9,24,PREF_E,1.0
1,9,29,OFF,1.0
1,9,30,OFF,1.0
1,9,31,OFF,1.0
1,10,5,OFF,1.0
1,10,11,OFF,1.0
1,10,13,PREF_D,1.0
1,10,18,PREF_E,1.0
1,10,25,OFF,1.0
1,10,27,OFF,1.0
1,10,30,PREF_N,1.0
1,10,31,OFF,1.0
1,11,1,PREF_N,1.0
1,11,7,PREF_E,1.0
1,11,14,PREF_E,1.0
1,11,18,PREF_D,1.0
1,11,19,PREF_E,1.0
1,11,30,OFF,1.0
1,12,24,PREF_D,1.0
1,12,25,OFF,1.0
1,12,27,OFF,1.0
1,12,30,PREF_N,1.0
1,13,2,OFF,1.0
1,13,6,PREF_E,1.0
1,13,8,PREF_D,1.0
1,13,18,OFF,1.0
1,13,21,PREF_N,1.0
1,13,22,PREF_N,1.0
1,13,28,PREF_E,1.0
1,13,31,OFF,1.0
1,14,4,PREF_E,1.0
1,14,5,PREF_N,1.0
1,14,7,OFF,1.0
1,14,13,OFF,1.0
1,14,20,OFF,1.0
1,15,4,PREF_D,1.0
1,15,8,PREF_N,1.0
1,15,11,OFF,1.0
1,15,16,OFF,1.0
1,15,29,PREF_D,1.0
1,16,9,PREF_D,1.0
1,16,10,OFF,1.0
1,16,18,OFF,1.0
1,16,23,OFF,1.0
1,16,25,OFF,1.0
1,16,26,PREF_D,1.0
1,17,2,OFF,1.0
1,17,6,OFF,1.0
1,17,9,OFF,1.0
1,17,22,PREF_N,1.0
1,17,23,OFF,1.0
1,17,30,PREF_E,1.0
1,18,7,PREF_E,1.0
1,18,9,OFF,1.0
1,18,11,OFF,1.0
1,18,31,PREF_E,1.0
1,19,13,PREF_N,1.0
1,19,15,PREF_D,1.0
1,19,20,OFF,1.0
1,19,22,PREF_D,1.0
1,19,23,OFF,1.0
1,19,25,OFF,1.0
1,19,29,OFF,1.0
1,19,30,PREF_D,1.0
1,20,1,OFF,1.0
1,20,7,OFF,1.0
1,20,8,PREF_D,1.0
1,20,10,OFF,1.0
1,20,25,OFF,1.0
1,20,28,PREF_E,1.0
1,20,29,OFF,1.0
1,20,30,PREF_E,1.0
1,21,1,OFF,1.0
1,21,2,PREF_N,1.0
1,21,3,OFF,1.0
1,21,4,PREF_D,1.0
1,21,10,OFF,1.0
1,21,13,PREF_N,1.0
1,21,29,OFF,1.0
1,21,30,OFF,1.0
1,22,1,OFF,1.0
1,22,2,PREF_N,1.0
1,22,9,PREF_D,1.0
1,22,10,PREF_E,1.0
1,22,12,PREF_N,1.0
1,22,15,OFF,1.0
1,22,16,OFF,1.0
1,22,19,PREF_D,1.0
1,22,25,OFF,1.0
1,22,30,OFF,1.0
1,23,14,OFF,1.0
1,23,18,OFF,1.0
1,23,22,PREF_E,1.0
1,23,24,PREF_N,1.0
1,24,7,PREF_D,1.0
1,24,11,OFF,1.0
1,24,14,OFF,1.0
1,24,30,PREF_E,1.0
1,24,31,PREF_N,1.0
1,25,5,OFF,1.0
1,25,10,PREF_N,1.0
1,25,14,OFF,1.0
1,25,19,PREF_D,1.0
1,25,28,OFF,1.0
1,25,29,PREF_E,1.0
1,26,1,OFF,1.0
1,26,5,PREF_N,1.0
1,26,7,PREF_N,1.0
1,26,18,PREF_D,1.0
1,26,20,PREF_D,1.0
1,26,23,PREF_N,1.0
1,27,3,PREF_N,1.0
1,27,12,PREF_E,1.0
1,27,13,PREF_D,1.0
1,27,17,PREF_N,1.0
1,27,21,OFF,1.0
1,27,22,PREF_D,1.0
1,27,29,PREF_N,1.0
1,28,3,PREF_E,1.0
1,28,6,OFF,1.0
1,28,16,OFF,1.0
1,28,19,OFF,1.0
1,28,21,PREF_D,1.0
1,28,22,PREF_E,1.0
1,29,3,PREF_N,1.0
1,29,6,OFF,1.0
1,29,27,PREF_D,1.0
1,29,28,OFF,1.0
1,30,1,OFF,1.0
1,30,8,PREF_D,1.0
1,30,10,PREF_E,1.0
1,30,25,OFF,1.0
1,31,25,PREF_N,1.0
1,31,26,OFF,1.0
1,31,30,PREF_E,1.0
1,32,1,PREF_D,1.0
1,32,5,PREF_E,1.0
1,32,10,OFF,1.0
1,32,11,PREF_E,1.0
1,32,16,PREF_D,1.0
1,32,18,PREF_N,1.0
1,32,27,OFF,1.0
1,33,2,OFF,1.0
1,33,14,PREF_E,1.0
1,33,16,OFF,1.0
1,33,17,PREF_E,1.0
1,33,19,OFF,1.0
1,33,20,OFF,1.0
1,33,21,OFF,1.0
1,33,24,OFF,1.0
1,33,27,PREF_N,1.0
1,33,28,PREF_E,1.0
1,34,2,OFF,1.0
1,34,14,PREF_D,1.0
1,34,15,OFF,1.0
1,34,16,PREF_N,1.0
1,34,17,PREF_N,1.0
1,34,21,PREF_E,1.0
1,35,6,OFF,1.0
1,35,7,OFF,1.0
1,35,21,OFF,1.0
1,35,22,OFF,1.0
1,35,26,PREF_N,1.0
1,35,31,OFF,1.0
1,36,6,OFF,1.0
1,36,9,PREF_N,1.0
1,36,10,PREF_E,1.0
1,36,14,OFF,1.0
1,36,21,OFF,1.0
1,36,22,PREF_D,1.0
1,36,23,PREF_D,1.0
1,36,25,PREF_D,1.0
1,36,31,OFF,1.0
1,37,6,PREF_N,1.0
1,37,14,PREF_D,1.0
1,37,17,PREF_D,1.0
1,38,5,OFF,1.0
1,38,6,PREF_N,1.0
1,38,17,OFF,1.0
1,38,22,OFF,1.0
1,38,23,OFF,1.0
1,38,26,OFF,1.0
1,38,31,OFF,1.0
1,39,7,PREF_N,1.0
1,39,14,PREF_N,1.0
1,39,18,PREF_D,1.0
1,39,27,PREF_D,1.0
2,0,6,PREF_N,1.0
2,0,8,PREF_N,1.0
2,0,9,PREF_D,1.0
2,0,18,OFF,1.0
2,0,22,OFF,1.0
2,0,27,OFF,1.0
2,1,18,PREF_E,1.0
2,1,24,PREF_D,1.0
2,1,26,PREF_E,1.0
2,2,4,PREF_N,1.0
2,2,7,PREF_E,1.0
2,2,10,PREF_D,1.0
2,2,13,OFF,1.0
2,2,22,PREF_N,1.0
2,2,29,PREF_E,1.0
2,3,16,OFF,1.0
2,3,17,OFF,1.0
2,3,24,PREF_D,1.0
2,4,10,PREF_N,1.0
2,4,12,OFF,1.0
2,4,18,PREF_N,1.0
2,4,22,PREF_E,1.0
2,5,8,OFF,1.0
2,5,11,OFF,1.0
2,5,15,OFF,1.0
2,5,19,PREF_N,1.0
2,6,4,OFF,1.0
2,6,7,PREF_N,1.0
2,6,16,PREF_E,1.0
2,6,22,OFF,1.0
2,6,23,PREF_N,1.0
2,7,2,OFF,1.0
2,7,7,PREF_D,1.0
2,7,18,PREF_D,1.0
2,8,1,PREF_N,1.0
2,8,11,OFF,1.0
2,8,25,OFF,1.0
2,9,1,OFF,1.0
2,9,4,OFF,1.0
2,9,7,OFF,1.0
2,9,18,OFF,1.0
2,10,3,PREF_E,1.0
2,10,8,PREF_N,1.0
2,10,10,OFF,1.0
2,10,11,PREF_D,1.0
2,10,12,OFF,1.0
2,10,14,OFF,1.0
2,10,15,PREF_E,1.0
2,10,27,PREF_N,1.0
2,11,1,PREF_E,1.0
2,11,7,OFF,1.0
2,11,20,PREF_E,1.0
2,11,24,OFF,1.0
2,11,27,OFF,1.0
2,12,14,OFF,1.0
2,12,22,PREF_N,1.0
2,12,24,OFF,1.0
2,12,25,OFF,1.0
2,12,29,OFF,1.0
2,13,2,PREF_E,1.0
2,13,4,PREF_N,1.0
2,14,17,PREF_D,1.0
2,14,18,PREF_N,1.0
2,14,24,OFF,1.0
2,14,26,PREF_N,1.0
2,14,29,OFF,1.0
2,15,1,OFF,1.0
2,15,3,OFF,1.0
2,15,5,PREF_E,1.0
2,15,9,OFF,1.0
2,15,12,OFF,1.0
2,15,13,PREF_N,1.0
2,15,16,PREF_E,1.0
2,15,27,OFF,1.0
2,16,1,OFF,1.0
2,16,8,PREF_D,1.0
2,16,12,OFF,1.0
2,16,16,PREF_N,1.0
2,16,21,OFF,1.0
2,16,24,OFF,1.0
2,17,1,OFF,1.0
2,17,7,PREF_E,1.0
2,17,9,OFF,1.0
2,17,18,PREF_N,1.0
2,18,4,PREF_E,1.0
2,18,5,OFF,1.0
2,18,8,OFF,1.0
2,18,19,PREF_D,1.0
2,18,22,PREF_E,1.0
2,18,23,PREF_E,1.0
2,18,25,OFF,1.0
2,18,27,PREF_E,1.0
2,19,3,OFF,1.0
2,19,7,PREF_D,1.0
2,19,8,OFF,1.0
2,19,16,OFF,1.0
2,19,20,PREF_D,1.0
2,19,23,OFF,1.0
2,20,2,OFF,1.0
2,20,5,PREF_E,1.0
2,20,8,OFF,1.0
2,20,15,PREF_E,1.0
2,20,16,OFF,1.0
2,20,20,OFF,1.0
2,21,5,PREF_N,1.0
2,21,7,OFF,1.0
2,21,11,PREF_N,1.0
2,21,24,OFF,1.0
2,21,26,PREF_D,1.0
2,21,29,PREF_E,1.0
2,22,8,PREF_N,1.0
2,22,11,PREF_N,1.0
2,22,13,OFF,1.0
2,22,16,OFF,1.0
2,22,17,PREF_D,1.0
2,22,20,OFF,1.0
2,22,27,OFF,1.0
2,22,28,OFF,1.0
2,23,16,OFF,1.0
2,23,19,OFF,1.0
2,23,21,OFF,1.0
2,23,26,OFF,1.0
2,23,29,OFF,1.0
2,24,14,PREF_E,1.0
2,24,24,PREF_E,1.0
2,24,26,PREF_N,1.0
2,25,2,PREF_D,1.0
2,25,5,OFF,1.0
2,25,8,OFF,1.0
2,25,12,PREF_D,1.0
2,25,15,PREF_N,1.0
2,25,20,PREF_E,1.0
2,25,21,PREF_D,1.0
2,25,27,OFF,1.0
2,25,28,PREF_D,1.0
2,26,10,OFF,1.0
2,26,11,OFF,1.0
2,26,15,OFF,1.0
2,26,19,PREF_E,1.0
2,26,24,OFF,1.0
2,27,12,OFF,1.0
2,27,17,OFF,1.0
2,27,19,PREF_D,1.0
2,27,29,OFF,1.0
2,28,6,PREF_N,1.0
2,28,10,OFF,1.0
2,28,20,OFF,1.0
2,28,22,OFF,1.0
2,28,23,OFF,1.0
2,29,7,OFF,1.0
2,29,9,PREF_N,1.0
2,29,12,PREF_N,1.0
2,29,16,OFF,1.0
2,29,17,OFF,1.0
2,29,19,OFF,1.0
2,29,29,PREF_E,1.0
2,30,6,OFF,1.0
2,30,7,PREF_N,1.0
2,30,8,OFF,1.0
2,30,12,OFF,1.0
2,30,15,OFF,1.0
2,30,16,OFF,1.0
2,30,17,OFF,1.0
2,30,26,PREF_E,1.0
2,30,28,OFF,1.0
2,31,13,PREF_E,1.0
2,31,16,PREF_E,1.0
2,31,20,PREF_E,1.0
2,31,21,OFF,1.0
2,31,22,OFF,1.0
2,31,25,OFF,1.0
2,31,27,OFF,1.0
2,32,2,OFF,1.0
2,32,6,PREF_N,1.0
2,32,7,PREF_D,1.0
2,32,24,PREF_D,1.0
2,32,27,OFF,1.0
2,32,29,PREF_D,1.0
2,33,3,OFF,1.0
2,33,6,OFF,1.0
2,33,21,PREF_N,1.0
2,33,26,OFF,1.0
2,34,8,PREF_D,1.0
2,34,13,OFF,1.0
2,34,26,OFF,1.0
2,34,27,PREF_E,1.0
2,35,4,PREF_D,1.0
2,35,10,PREF_D,1.0
2,35,14,OFF,1.0
2,35,22,OFF,1.0
2,35,27,OFF,1.0
2,36,5,PREF_D,1.0
2,36,6,OFF,1.0
2,36,9,PREF_E,1.0
2,36,13,PREF_N,1.0
2,36,18,PREF_E,1.0
2,36,26,OFF,1.0
2,37,2,OFF,1.0
2,37,11,PREF_N,1.0
2,37,20,OFF,1.0
2,37,23,OFF,1.0
2,38,1,OFF,1.0
2,38,2,OFF,1.0
2,38,5,OFF,1.0
2,38,13,PREF_D,1.0
2,38,15,OFF,1.0
2,38,17,OFF,1.0
2,38,19,OFF,1.0
2,38,22,PREF_N,1.0
2,38,28,PREF_D,1.0
2,39,2,OFF,1.0
2,39,10,OFF,1.0
2,39,11,PREF_E,1.0
3,0,1,PREF_N,1.0
3,0,5,OFF,1.0
3,0,7,PREF_N,1.0
3,0,12,PREF_N,1.0
3,0,14,OFF,1.0
3,0,18,OFF,1.0
3,0,27,PREF_D,1.0
3,0,29,OFF,1.0
3,1,4,PREF_N,1.0
3,1,7,OFF,1.0
3,1,13,PREF_E,1.0
3,1,14,PREF_D,1.0
3,1,15,PREF_D,1.0
3,1,25,OFF,1.0
3,2,5,OFF,1.0
3,2,7,PREF_D,1.0
3,2,11,PREF_N,1.0
3,2,12,PREF_N,1.0
3,2,13,OFF,1.0
3,2,16,OFF,1.0
3,2,17,OFF,1.0
3,2,25,OFF,1.0
3,3,11,OFF,1.0
3,3,19,OFF,1.0
3,4,4,PREF_D,1.0
3,4,6,PREF_D,1.0
3,4,10,OFF,1.0
3,4,13,OFF,1.0
3,4,15,PREF_D,1.0
3,4,20,OFF,1.0
3,4,21,PREF_N,1.0
3,4,22,OFF,1.0
3,4,27,OFF,1.0
3,4,29,PREF_D,1.0
3,4,30,PREF_D,1.0
3,4,31,PREF_E,1.0
3,5,5,OFF,1.0
3,5,12,PREF_E,1.0
3,5,17,OFF,1.0
3,5,21,PREF_E,1.0
3,5,25,PREF_E,1.0
3,5,28,OFF,1.0
3,5,31,OFF,1.0
3,6,1,PREF_N,1.0
3,6,3,OFF,1.0
3,6,16,OFF,1.0
3,6,18,OFF,1.0
3,6,22,PREF_N,1.0
3,6,29,PREF_E,1.0
3,6,31,PREF_E,1.0
3,7,4,PREF_E,1.0
3,7,5,OFF,1.0
3,7,10,PREF_D,1.0
3,7,17,PREF_N,1.0
3,7,20,PREF_D,1.0
3,7,30,OFF,1.0
3,8,1,OFF,1.0
3,8,3,OFF,1.0
3,8,5,PREF_N,1.0
3,8,16,OFF,1.0
3,8,21,OFF,1.0
3,8,24,PREF_D,1.0
3,8,25,OFF,1.0
3,9,3,OFF,1.0
3,9,11,PREF_E,1.0
3,9,17,OFF,1.0
3,9,23,OFF,1.0
3,9,24,PREF_N,1.0
3,10,6,OFF,1.0
3,10,12,PREF_E,1.0
3,10,22,PREF_N,1.0
3,10,25,OFF,1.0
3,11,5,PREF_D,1.0
3,11,19,OFF,1.0
3,11,20,OFF,1.0
3,11,23,PREF_N,1.0
3,12,1,PREF_N,1.0
3,12,9,PREF_E,1.0
3,12,13,PREF_N,1.0
3,12,20,PREF_D,1.0
3,12,25,OFF,1.0
3,12,26,OFF,1.0
3,12,30,OFF,1.0
3,13,3,PREF_N,1.0
3,13,5,OFF,1.0
3,13,11,PREF_N,1.0
3,13,12,OFF,1.0
3,13,15,PREF_D,1.0
3,13,16,PREF_N,1.0
3,13,18,OFF,1.0
3,13,19,OFF,1.0
3,13,24,PREF_E,1.0
3,13,28,OFF,1.0
3,13,29,PREF_N,1.0
3,13,30,OFF,1.0
3,14,6,OFF,1.0
3,14,9,OFF,1.0
3,14,14,PREF_N,1.0
3,14,15,OFF,1.0
3,14,16,OFF,1.0
3,14,19,PREF_E,1.0
3,14,22,OFF,1.0
3,14,28,OFF,1.0
3,14,29,PREF_E,1.0
3,15,6,OFF,1.0
3,15,7,OFF,1.0
3,15,8,PREF_D,1.0
3,15,9,OFF,1.0
3,15,14,PREF_E,1.0
3,15,17,OFF,1.0
3,15,24,PREF_E,1.0
3,15,31,PREF_D,1.0
3,16,2,OFF,1.0
3,16,3,PREF_N,1.0
3,16,4,PREF_E,1.0
3,16,13,PREF_D,1.0
3,16,23,OFF,1.0
3,16,25,PREF_D,1.0
3,16,28,OFF,1.0
3,16,29,OFF,1.0
3,16,31,OFF,1.0
3,17,4,PREF_N,1.0
3,17,7,PREF_E,1.0
3,17,17,PREF_D,1.0
3,17,19,OFF,1.0
3,17,21,OFF,1.0
3,17,26,OFF,1.0
3,18,6,OFF,1.0
3,18,12,OFF,1.0
3,18,13,OFF,1.0
3,18,14,OFF,1.0
3,18,16,OFF,1.0
3,18,22,OFF,1.0
3,18,24,PREF_D,1.0
3,18,25,OFF,1.0
3,18,27,OFF,1.0
3,19,8,OFF,1.0
3,19,18,PREF_E,1.0
3,19,19,PREF_D,1.0
3,19,26,OFF,1.0
3,19,27,PREF_D,1.0
3,19,28,OFF,1.0
3,20,13,PREF_E,1.0
3,20,16,OFF,1.0
3,20,18,PREF_N,1.0
3,20,21,OFF,1.0
3,21,4,PREF_E,1.0
3,21,7,OFF,1.0
3,21,10,OFF,1.0
3,21,11,PREF_D,1.0
3,21,14,OFF,1.0
3,21,23,PREF_D,1.0
3,21,25,PREF_E,1.0
3,21,27,OFF,1.0
3,22,1,OFF,1.0
3,22,7,PREF_E,1.0
3,22,9,OFF,1.0
3,22,17,OFF,1.0
3,22,21,OFF,1.0
3,22,24,PREF_N,1.0
3,22,25,OFF,1.0
3,23,4,OFF,1.0
3,23,5,OFF,1.0
3,23,10,OFF,1.0
3,23,14,OFF,1.0
3,24,12,OFF,1.0
3,24,15,PREF_D,1.0
3,24,23,OFF,1.0
3,25,7,PREF_N,1.0
3,25,12,PREF_D,1.0
3,25,16,PREF_D,1.0
3,25,17,PREF_E,1.0
3,25,20,OFF,1.0
3,25,21,OFF,1.0
3,25,23,PREF_N,1.0
3,25,28,PREF_E,1.0
3,26,7,PREF_D,1.0
3,26,22,PREF_N,1.0
3,26,30,PREF_E,1.0
3,27,7,OFF,1.0
3,27,21,OFF,1.0
3,27,22,OFF,1.0
3,27,29,PREF_E,1.0
3,28,2,OFF,1.0
3,28,3,PREF_E,1.0
3,28,14,PREF_E,1.0
3,28,26,PREF_N,1.0
3,28,27,PREF_D,1.0
3,29,1,OFF,1.0
3,29,7,OFF,1.0
3,29,9,PREF_N,1.0
3,29,10,OFF,1.0
3,29,21,OFF,1.0
3,29,22,PREF_E,1.0
3,29,25,OFF,1.0
3,30,2,PREF_D,1.0
3,30,14,OFF,1.0
3,30,16,PREF_N,1.0
3,30,19,PREF_N,1.0
3,30,20,OFF,1.0
3,30,25,OFF,1.0
3,30,27,OFF,1.0
3,31,1,OFF,1.0
3,31,2,OFF,1.0
3,31,8,OFF,1.0
3,31,9,PREF_E,1.0
3,32,7,PREF_N,1.0
3,32,14,PREF_N,1.0
3,32,17,OFF,1.0
3,32,23,OFF,1.0
3,33,1,PREF_N,1.0
3,33,4,OFF,1.0
3,33,6,OFF,1.0
3,33,19,OFF,1.0
3,33,22,OFF,1.0
3,33,29,PREF_D,1.0
3,34,3,OFF,1.0
3,34,4,PREF_E,1.0
3,34,11,OFF,1.0
3,34,14,PREF_N,1.0
3,34,15,OFF,1.0
3,34,16,PREF_E,1.0
3,34,22,PREF_E,1.0
3,34,24,OFF,1.0
3,35,3,OFF,1.0
3,35,17,OFF,1.0
3,36,8,OFF,1.0
3,36,10,OFF,1.0
3,36,21,PREF_D,1.0
3,36,22,PREF_D,1.0
3,36,25,OFF,1.0
3,36,27,OFF,1.0
3,37,3,OFF,1.0
3,37,8,PREF_E,1.0
3,37,16,PREF_E,1.0
3,37,18,PREF_E,1.0
3,38,15,PREF_E,1.0
3,38,20,OFF,1.0
3,38,26,OFF,1.0
3,38,27,OFF,1.0
3,38,28,PREF_N,1.0
3,38,31,PREF_N,1.0
3,39,3,OFF,1.0
3,39,10,OFF,1.0
3,39,14,PREF_D,1.0
3,39,17,PREF_D,1.0
3,39,21,OFF,1.0
3,39,23,PREF_E,1.0
3,39,25,PREF_E,1.0
3,39,27,PREF_E,1.0
3,39,30,OFF,1.0
4,0,17,PREF_E,1.0
4,0,27,OFF,1.0
4,1,4,OFF,1.0
4,1,8,OFF,1.0
4,1,17,OFF,1.0
4,1,19,OFF,1.0
4,1,28,OFF,1.0
4,2,13,PREF_D,1.0
4,2,18,PREF_D,1.0
4,2,19,PREF_E,1.0
4,2,20,OFF,1.0
4,2,22,OFF,1.0
4,2,28,PREF_D,1.0
4,2,30,PREF_N,1.0
4,3,1,PREF_D,1.0
4,3,4,PREF_D,1.0
4,3,9,OFF,1.0
4,3,15,PREF_D,1.0
4,3,17,PREF_N,1.0
4,3,19,OFF,1.0
4,3,22,PREF_N,1.0
4,3,23,OFF,1.0
4,3,25,PREF_E,1.0
4,3,29,PREF_N,1.0
4,4,3,OFF,1.0
4,4,6,OFF,1.0
4,4,7,PREF_N,1.0
4,4,19,OFF,1.0
4,4,23,PREF_E,1.0
4,4,24,PREF_N,1.0
4,4,27,OFF,1.0
4,4,28,OFF,1.0
4,5,17,OFF,1.0
4,5,22,OFF,1.0
4,5,25,PREF_D,1.0
4,5,27,PREF_E,1.0
4,6,2,OFF,1.0
4,6,3,OFF,1.0
4,6,4,OFF,1.0
4,6,16,OFF,1.0
4,6,17,PREF_D,1.0
4,6,26,OFF,1.0
4,7,5,OFF,1.0
4,7,8,OFF,1.0
4,7,12,PREF_D,1.0
4,7,14,OFF,1.0
4,7,17,OFF,1.0
4,7,18,OFF,1.0
4,7,19,OFF,1.0
4,7,22,PREF_D,1.0
4,7,23,PREF_D,1.0
4,8,2,PREF_N,1.0
4,8,3,OFF,1.0
4,8,5,OFF,1.0
4,8,17,PREF_D,1.0
4,8,20,PREF_E,1.0
4,8,23,PREF_D,1.0
4,8,25,PREF_N,1.0
4,8,27,PREF_N,1.0
4,9,1,OFF,1.0
4,9,9,PREF_E,1.0
4,9,18,PREF_N,1.0
4,9,20,PREF_E,1.0
4,9,24,OFF,1.0
4,10,1,PREF_N,1.0
4,10,3,OFF,1.0
4,10,5,PREF_E,1.0
4,10,9,OFF,1.0
4,10,10,OFF,1.0
4,10,13,PREF_N,1.0
4,10,18,PREF_N,1.0
4,10,19,PREF_E,1.0
4,10,21,OFF,1.0
4,11,2,OFF,1.0
4,11,6,PREF_D,1.0
4,11,11,OFF,1.0
4,11,18,PREF_E,1.0
4,11,20,OFF,1.0
4,11,26,PREF_N,1.0
4,11,27,PREF_E,1.0
4,11,28,PREF_N,1.0
4,12,5,OFF,1.0
4,12,19,PREF_D,1.0
4,12,25,PREF_D,1.0
4,13,2,OFF,1.0
4,13,6,PREF_E,1.0
4,13,9,PREF_N,1.0
4,13,15,PREF_D,1.0
4,13,16,PREF_D,1.0
4,13,22,OFF,1.0
4,14,7,OFF,1.0
4,14,10,PREF_E,1.0
4,14,12,OFF,1.0
4,14,13,OFF,1.0
4,14,22,OFF,1.0
4,14,24,OFF,1.0
4,14,30,OFF,1.0
4,15,6,PREF_N,1.0
4,15,9,OFF,1.0
4,15,14,PREF_N,1.0
4,15,19,OFF,1.0
4,15,21,OFF,1.0
4,16,9,PREF_N,1.0
4,16,20,PREF_D,1.0
4,16,28,PREF_E,1.0
4,17,6,PREF_D,1.0
4,17,17,OFF,1.0
4,17,20,PREF_N,1.0
4,17,23,OFF,1.0
4,17,25,OFF,1.0
4,18,4,PREF_D,1.0
4,18,5,PREF_D,1.0
4,18,9,PREF_D,1.0
4,18,11,PREF_E,1.0
4,18,15,OFF,1.0
4,18,22,PREF_E,1.0
4,18,24,OFF,1.0
4,18,27,PREF_E,1.0
4,18,28,PREF_D,1.0
4,18,29,PREF_E,1.0
4,18,30,OFF,1.0
4,19,3,OFF,1.0
4,19,26,PREF_E,1.0
4,19,28,OFF,1.0
4,19,30,PREF_N,1.0
4,20,11,PREF_E,1.0
4,20,16,OFF,1.0
4,20,29,OFF,1.0
4,20,30,PREF_E,1.0
4,21,6,OFF,1.0
4,21,7,OFF,1.0
4,21,11,PREF_D,1.0
4,21,20,OFF,1.0
4,22,4,OFF,1.0
4,22,6,OFF,1.0
4,22,7,OFF,1.0
4,22,9,OFF,1.0
4,22,20,PREF_E,1.0
4,22,23,OFF,1.0
4,22,27,PREF_N,1.0
4,22,28,PREF_N,1.0
4,23,4,OFF,1.0
4,23,17,OFF,1.0
4,23,28,PREF_N,1.0
4,24,8,OFF,1.0
4,24,9,OFF,1.0
4,24,10,PREF_D,1.0
4,24,11,PREF_E,1.0
4,24,18,PREF_E,1.0
4,24,20,PREF_E,1.0
4,24,25,PREF_D,1.0
4,24,26,OFF,1.0
4,24,30,OFF,1.0
4,25,7,PREF_D,1.0
4,25,22,PREF_E,1.0
4,25,28,PREF_D,1.0
4,26,14,PREF_N,1.0
4,26,19,PREF_D,1.0
4,26,22,PREF_D,1.0
4,27,3,PREF_N,1.0
4,27,17,PREF_E,1.0
4,27,21,PREF_N,1.0
4,27,23,OFF,1.0
4,28,12,PREF_E,1.0
4,28,13,PREF_E,1.0
4,28,17,OFF,1.0
4,28,20,OFF,1.0
4,28,23,OFF,1.0
4,29,5,PREF_N,1.0
4,29,9,PREF_N,1.0
4,29,11,PREF_D,1.0
4,29,12,OFF,1.0
4,29,18,PREF_N,1.0
4,29,25,PREF_N,1.0
4,29,26,OFF,1.0
4,30,21,OFF,1.0
4,30,22,OFF,1.0
4,30,24,OFF,1.0
4,31,3,PREF_E,1.0
4,31,10,PREF_E,1.0
4,31,15,PREF_D,1.0
4,31,21,OFF,1.0
4,31,22,PREF_N,1.0
4,31,23,PREF_N,1.0
4,31,25,PREF_E,1.0
4,32,9,PREF_E,1.0
4,32,12,PREF_N,1.0
4,32,15,OFF,1.0
4,33,4,OFF,1.0
4,33,8,PREF_N,1.0
4,33,12,PREF_N,1.0
4,33,16,PREF_D,1.0
4,33,20,OFF,1.0
4,33,27,OFF,1.0
4,34,3,PREF_N,1.0
4,34,8,OFF,1.0
4,34,9,OFF,1.0
4,34,23,OFF,1.0
4,34,26,OFF,1.0
4,34,27,OFF,1.0
4,35,4,PREF_D,1.0
4,35,10,PREF_D,1.0
4,35,15,OFF,1.0
4,35,16,PREF_N,1.0
4,35,17,OFF,1.0
4,35,19,OFF,1.0
4,35,24,OFF,1.0
4,35,26,OFF,1.0
4,35,28,OFF,1.0
4,36,4,PREF_D,1.0
4,36,13,PREF_N,1.0
4,36,14,PREF_N,1.0
4,36,16,PREF_N,1.0
4,36,17,OFF,1.0
4,36,18,OFF,1.0
4,36,20,OFF,1.0
4,36,21,OFF,1.0
4,36,29,OFF,1.0
4,37,1,PREF_D,1.0
4,37,2,PREF_D,1.0
4,37,4,OFF,1.0
4,37,5,PREF_D,1.0
4,37,8,PREF_E,1.0
4,37,9,OFF,1.0
4,37,18,PREF_N,1.0
4,37,19,PREF_D,1.0
4,37,22,PREF_E,1.0
4,37,30,PREF_D,1.0
4,38,3,OFF,1.0
4,38,14,PREF_E,1.0
4,38,17,OFF,1.0
4,38,30,PREF_N,1.0
4,39,7,PREF_D,1.0
4,39,21,OFF,1.0
4,39,26,OFF,1.0
4,39,30,PREF_N,1.0
5,0,7,OFF,1.0
5,0,10,PREF_N,1.0
5,0,13,PREF_N,1.0
5,0,16,OFF,1.0
5,0,18,PREF_D,1.0
5,0,19,PREF_D,1.0
5,0,21,OFF,1.0
5,0,24,PREF_E,1.0
5,0,26,OFF,1.0
5,0,28,OFF,1.0
5,1,1,PREF_D,1.0
5,1,6,OFF,1.0
5,1,7,OFF,1.0
5,1,13,PREF_E,1.0
5,1,24,OFF,1.0
5,1,26,PREF_N,1.0
5,1,28,PREF_D,1.0
5,2,1,PREF_N,1.0
5,2,5,PREF_D,1.0
5,2,9,PREF_D,1.0
5,2,11,PREF_N,1.0
5,2,13,PREF_E,1.0
5,3,3,OFF,1.0
5,3,15,OFF,1.0
5,3,17,PREF_N,1.0
5,3,23,PREF_E,1.0
5,3,26,PREF_D,1.0
5,3,27,PREF_N,1.0
5,3,31,PREF_E,1.0
5,4,3,PREF_E,1.0
5,4,4,OFF,1.0
5,4,8,PREF_D,1.0
5,4,26,OFF,1.0
5,5,3,OFF,1.0
5,5,8,OFF,1.0
5,5,12,OFF,1.0
5,5,21,OFF,1.0
5,5,26,OFF,1.0
5,5,30,OFF,1.0
5,6,2,PREF_N,1.0
5,6,4,OFF,1.0
5,6,5,PREF_D,1.0
5,6,9,OFF,1.0
5,6,18,OFF,1.0
5,6,20,PREF_N,1.0
5,6,29,PREF_E,1.0
5,7,1,OFF,1.0
5,7,3,PREF_E,1.0
5,7,16,PREF_N,1.0
5,7,22,PREF_N,1.0
5,7,25,OFF,1.0
5,7,26,OFF,1.0
5,7,31,PREF_D,1.0
5,8,5,PREF_D,1.0
5,8,8,OFF,1.0
5,8,10,OFF,1.0
5,8,11,OFF,1.0
5,8,17,OFF,1.0
5,8,23,PREF_D,1.0
5,8,27,OFF,1.0
5,8,28,PREF_D,1.0
5,8,30,OFF,1.0
5,8,31,OFF,1.0
5,9,12,PREF_E,1.0
5,9,23,OFF,1.0
5,9,24,PREF_N,1.0
5,9,28,OFF,1.0
5,10,1,OFF,1.0
5,10,3,PREF_E,1.0
5,10,6,OFF,1.0
5,10,7,OFF,1.0
5,10,22,OFF,1.0
5,10,26,OFF,1.0
5,11,8,PREF_E,1.0
5,11,9,PREF_D,1.0
5,11,24,OFF,1.0
5,11,27,OFF,1.0
5,12,8,PREF_N,1.0
5,12,10,PREF_E,1.0
5,12,20,OFF,1.0
5,13,2,PREF_D,1.0
5,13,6,OFF,1.0
5,13,8,OFF,1.0
5,13,15,OFF,1.0
5,13,22,PREF_D,1.0
5,13,26,PREF_D,1.0
5,13,27,PREF_E,1.0
5,13,28,PREF_N,1.0
5,13,31,PREF_N,1.0
5,14,8,OFF,1.0
5,14,10,PREF_E,1.0
5,14,12,OFF,1.0
5,14,17,OFF,1.0
5,14,19,PREF_D,1.0
5,14,22,OFF,1.0
5,14,24,OFF,1.0
5,14,25,PREF_E,1.0
5,15,1,PREF_E,1.0
5,15,3,PREF_D,1.0
5,15,13,OFF,1.0
5,15,17,PREF_N,1.0
5,15,21,OFF,1.0
5,16,3,PREF_E,1.0
5,16,5,OFF,1.0
5,16,7,OFF,1.0
5,16,14,OFF,1.0
5,16,18,OFF,1.0
5,16,21,OFF,1.0
5,16,22,PREF_E,1.0
5,17,1,OFF,1.0
5,17,8,PREF_N,1.0
5,17,16,OFF,1.0
5,17,20,PREF_D,1.0
5,17,31,PREF_D,1.0
5,18,2,PREF_E,1.0
5,18,3,OFF,1.0
5,18,11,OFF,1.0
5,18,13,PREF_D,1.0
5,18,14,OFF,1.0
5,18,15,PREF_E,1.0
5,18,21,PREF_E,1.0
5,18,25,PREF_E,1.0
5,18,26,PREF_D,1.0
5,18,28,PREF_N,1.0
5,18,31,PREF_D,1.0
5,19,1,OFF,1.0
5,19,9,OFF,1.0
5,19,15,OFF,1.0
5,19,22,OFF,1.0
5,19,23,OFF,1.0
5,19,24,PREF_E,1.0
5,19,30,PREF_E,1.0
5,20,6,PREF_E,1.0
5,20,8,OFF,1.0
5,20,9,OFF,1.0
5,20,10,PREF_N,1.0
5,20,15,OFF,1.0
5,20,18,OFF,1.0
5,20,20,OFF,1.0
5,20,21,OFF,1.0
5,20,27,OFF,1.0
5,20,28,PREF_D,1.0
5,21,2,OFF,1.0
5,21,5,PREF_E,1.0
5,21,13,PREF_D,1.0
5,21,16,OFF,1.0
5,21,23,PREF_E,1.0
5,21,25,OFF,1.0
5,21,26,OFF,1.0
5,21,30,OFF,1.0
5,22,2,OFF,1.0
5,22,4,PREF_D,1.0
5,22,13,PREF_N,1.0
5,22,15,PREF_N,1.0
5,22,16,PREF_E,1.0
5,22,17,OFF,1.0
5,22,30,OFF,1.0
5,23,1,OFF,1.0
5,23,2,OFF,1.0
5,23,24,OFF,1.0
5,24,4,PREF_E,1.0
5,24,7,OFF,1.0
5,24,10,PREF_E,1.0
5,24,16,PREF_N,1.0
5,24,17,PREF_E,1.0
5,24,21,OFF,1.0
5,24,23,OFF,1.0
5,24,28,PREF_E,1.0
5,25,5,PREF_E,1.0
5,25,7,PREF_D,1.0
5,25,17,OFF,1.0
5,25,23,PREF_N,1.0
5,25,24,OFF,1.0
5,25,26,PREF_N,1.0
5,25,27,OFF,1.0
5,26,8,PREF_D,1.0
5,26,12,PREF_E,1.0
5,26,13,OFF,1.0
5,26,17,OFF,1.0
5,26,19,OFF,1.0
5,26,20,OFF,1.0
5,26,24,OFF,1.0
5,26,25,OFF,1.0
5,26,30,OFF,1.0
5,27,3,OFF,1.0
5,27,14,PREF_E,1.0
5,27,23,PREF_N,1.0
5,27,25,OFF,1.0
5,27,30,PREF_E,1.0
5,28,2,PREF_E,1.0
5,28,12,PREF_D,1.0
5,28,14,PREF_N,1.0
5,28,27,PREF_E,1.0
5,29,21,PREF_D,1.0
5,29,29,OFF,1.0
5,30,11,PREF_N,1.0
5,30,14,PREF_D,1.0
5,30,17,PREF_E,1.0
5,30,20,PREF_E,1.0
5,30,24,PREF_E,1.0
5,30,27,PREF_N,1.0
5,30,29,OFF,1.0
5,31,6,OFF,1.0
5,31,11,PREF_E,1.0
5,31,20,OFF,1.0
5,31,21,OFF,1.0
5,31,22,PREF_D,1.0
5,31,25,PREF_E,1.0
5,31,28,PREF_D,1.0
5,32,10,PREF_E,1.0
5,33,8,PREF_D,1.0
5,33,9,OFF,1.0
5,33,22,OFF,1.0
5,33,27,PREF_N,1.0
5,33,29,OFF,1.0
5,34,8,OFF,1.0
5,34,10,OFF,1.0
5,34,14,PREF_E,1.0
5,34,15,PREF_N,1.0
5,34,17,PREF_E,1.0
5,34,25,OFF,1.0
5,34,30,OFF,1.0
5,35,1,OFF,1.0
5,35,5,OFF,1.0
5,35,7,PREF_N,1.0
5,35,8,PREF_D,1.0
5,35,18,OFF,1.0
5,35,25,OFF,1.0
5,35,26,PREF_E,1.0
5,35,29,PREF_E,1.0
5,36,3,PREF_D,1.0
5,36,24,PREF_N,1.0
5,36,27,OFF,1.0
5,37,8,OFF,1.0
5,37,10,OFF,1.0
5,37,11,PREF_D,1.0
5,37,13,PREF_E,1.0
5,37,15,PREF_D,1.0
5,37,18,PREF_D,1.0
5,37,19,OFF,1.0
5,37,23,PREF_D,1.0
5,37,25,PREF_D,1.0
5,38,1,OFF,1.0
5,38,3,OFF,1.0
5,38,10,OFF,1.0
5,38,15,PREF_D,1.0
5,38,19,OFF,1.0
5,38,24,OFF,1.0
5,38,25,OFF,1.0
5,38,26,OFF,1.0
5,39,10,PREF_E,1.0
5,39,23,PREF_E,1.0
5,39,26,OFF,1.0
6,0,3,PREF_D,1.0
6,0,8,OFF,1.0
6,0,11,OFF,1.0
6,0,20,PREF_N,1.0
6,0,21,OFF,1.0
6,0,30,OFF,1.0
6,1,9,PREF_E,1.0
6,1,14,PREF_D,1.0
6,1,17,OFF,1.0
6,1,22,OFF,1.0
6,2,1,OFF,1.0
6,2,4,PREF_D,1.0
6,2,5,OFF,1.0
6,2,17,OFF,1.0
6,2,19,PREF_E,1.0
6,2,20,PREF_D,1.0
6,2,22,OFF,1.0
6,3,20,PREF_N,1.0
6,4,3,OFF,1.0
6,4,17,PREF_D,1.0
6,4,26,PREF_N,1.0
6,4,29,OFF,1.0
6,5,2,PREF_N,1.0
6,5,10,OFF,1.0
6,5,22,OFF,1.0
6,5,23,OFF,1.0
6,5,24,OFF,1.0
6,5,25,PREF_D,1.0
6,6,12,OFF,1.0
6,6,13,OFF,1.0
6,6,15,OFF,1.0
6,6,17,OFF,1.0
6,6,22,OFF,1.0
6,6,23,OFF,1.0
6,6,29,PREF_D,1.0
6,7,5,OFF,1.0
6,7,8,PREF_D,1.0
6,7,9,PREF_N,1.0
6,7,11,PREF_D,1.0
6,7,17,OFF,1.0
6,7,29,PREF_D,1.0
6,8,2,PREF_E,1.0
6,8,5,PREF_N,1.0
6,8,6,OFF,1.0
6,8,8,OFF,1.0
6,8,23,PREF_D,1.0
6,9,3,PREF_N,1.0
6,9,14,OFF,1.0
6,9,18,OFF,1.0
6,9,20,OFF,1.0
6,9,24,PREF_E,1.0
6,10,6,OFF,1.0
6,10,17,PREF_E,1.0
6,10,21,PREF_E,1.0
6,10,24,PREF_E,1.0
6,10,28,OFF,1.0
6,11,14,PREF_N,1.0
6,11,24,OFF,1.0
6,11,30,OFF,1.0
6,12,1,PREF_D,1.0
6,12,9,OFF,1.0
6,12,13,PREF_N,1.0
6,12,21,PREF_E,1.0
6,12,27,OFF,1.0
6,13,2,OFF,1.0
6,13,3,PREF_N,1.0
6,13,10,OFF,1.0
6,13,18,PREF_E,1.0
6,13,20,PREF_D,1.0
6,13,21,OFF,1.0
6,14,20,OFF,1.0
6,14,24,OFF,1.0
6,14,28,OFF,1.0
6,14,30,OFF,1.0
6,15,7,OFF,1.0
6,15,16,OFF,1.0
6,15,17,PREF_E,1.0
6,15,18,PREF_E,1.0
6,15,22,PREF_D,1.0
6,15,24,PREF_N,1.0
6,15,28,PREF_E,1.0
6,16,2,OFF,1.0
6,16,11,OFF,1.0
6,16,13,PREF_D,1.0
6,16,20,PREF_N,1.0
6,16,25,OFF,1.0
6,16,26,OFF,1.0
6,17,13,PREF_E,1.0
6,17,18,OFF,1.0
6,17,24,PREF_E,1.0
6,17,25,OFF,1.0
6,17,26,PREF_E,1.0
6,18,2,PREF_E,1.0
6,18,9,PREF_N,1.0
6,18,10,OFF,1.0
6,18,11,PREF_N,1.0
6,18,20,PREF_E,1.0
6,18,21,OFF,1.0
6,18,28,OFF,1.0
6,18,29,PREF_D,1.0
6,19,2,PREF_D,1.0
6,19,3,OFF,1.0
6,19,6,OFF,1.0
6,19,20,OFF,1.0
6,19,27,OFF,1.0
6,20,4,OFF,1.0
6,20,5,PREF_D,1.0
6,20,10,PREF_N,1.0
6,20,12,PREF_N,1.0
6,20,18,PREF_E,1.0
6,20,19,OFF,1.0
6,20,21,OFF,1.0
6,20,28,PREF_E,1.0
6,20,29,OFF,1.0
6,21,13,PREF_D,1.0
6,21,17,OFF,1.0
6,21,20,OFF,1.0
6,21,22,PREF_N,1.0
6,21,25,PREF_N,1.0
6,22,12,OFF,1.0
6,22,13,PREF_N,1.0
6,22,14,OFF,1.0
6,22,18,PREF_D,1.0
6,22,24,OFF,1.0
6,22,27,PREF_N,1.0
6,23,7,OFF,1.0
6,23,14,OFF,1.0
6,23,15,OFF,1.0
6,23,18,PREF_N,1.0
6,23,19,PREF_N,1.0
6,23,24,PREF_N,1.0
6,23,25,PREF_D,1.0
6,23,26,OFF,1.0
6,23,28,OFF,1.0
6,24,3,PREF_D,1.0
6,24,12,OFF,1.0
6,24,13,PREF_D,1.0
6,24,14,OFF,1.0
6,24,27,PREF_D,1.0
6,25,1,OFF,1.0
6,25,7,OFF,1.0
6,25,9,OFF,1.0
6,25,12,OFF,1.0
6,25,13,OFF,1.0
6,25,17,PREF_N,1.0
6,25,21,PREF_E,1.0
6,26,12,OFF,1.0
6,26,27,PREF_D,1.0
6,26,28,PREF_E,1.0
6,26,30,OFF,1.0
6,27,3,OFF,1.0
6,27,9,PREF_D,1.0
6,27,10,OFF,1.0
6,27,15,OFF,1.0
6,27,21,OFF,1.0
6,27,28,OFF,1.0
6,28,3,PREF_E,1.0
6,28,9,PREF_E,1.0
6,28,16,PREF_N,1.0
6,28,29,OFF,1.0
6,29,5,OFF,1.0
6,29,13,PREF_D,1.0
6,29,15,PREF_N,1.0
6,29,21,PREF_N,1.0
6,29,30,OFF,1.0
6,30,7,OFF,1.0
6,30,11,PREF_D,1.0
6,30,14,PREF_E,1.0
6,30,23,OFF,1.0
6,31,11,PREF_D,1.0
6,31,12,OFF,1.0
6,31,20,OFF,1.0
6,31,25,OFF,1.0
6,31,26,OFF,1.0
6,31,27,OFF,1.0
6,32,17,PREF_N,1.0
6,33,4,OFF,1.0
6,33,5,PREF_E,1.0
6,33,22,PREF_E,1.0
6,33,24,PREF_N,1.0
6,33,27,OFF,1.0
6,34,7,OFF,1.0
6,34,9,PREF_D,1.0
6,34,26,OFF,1.0
6,34,27,PREF_D,1.0
6,35,1,OFF,1.0
6,35,2,PREF_N,1.0
6,35,5,OFF,1.0
6,35,6,OFF,1.0
6,35,8,OFF,1.0
6,35,10,PREF_D,1.0
6,35,16,OFF,1.0
6,35,19,OFF,1.0
6,35,27,PREF_D,1.0
6,35,28,PREF_E,1.0
6,36,2,OFF,1.0
6,36,10,PREF_N,1.0
6,36,16,PREF_E,1.0
6,36,22,OFF,1.0
6,37,1,PREF_N,1.0
6,37,3,OFF,1.0
6,37,7,OFF,1.0
6,37,8,PREF_N,1.0
6,37,15,PREF_N,1.0
6,37,28,OFF,1.0
6,38,3,PREF_D,1.0
6,38,5,PREF_E,1.0
6,38,9,PREF_N,1.0
6,38,13,OFF,1.0
6,38,14,OFF,1.0
6,38,16,PREF_E,1.0
6,38,18,OFF,1.0
6,39,7,OFF,1.0
6,39,9,OFF,1.0
6,39,11,PREF_E,1.0
6,39,18,OFF,1.0
6,39,29,OFF,1.0
7,0,11,OFF,1.0
7,0,23,OFF,1.0
7,1,17,OFF,1.0
7,1,26,OFF,1.0
7,2,4,PREF_D,1.0
7,2,12,OFF,1.0
7,2,27,OFF,1.0
7,3,6,PREF_E,1.0
7,3,8,PREF_N,1.0
7,3,16,PREF_D,1.0
7,3,21,OFF,1.0
7,3,26,PREF_N,1.0
7,3,27,PREF_E,1.0
7,3,28,OFF,1.0
7,3,30,OFF,1.0
7,4,1,PREF_E,1.0
7,4,11,OFF,1.0
7,4,21,PREF_E,1.0
7,5,3,PREF_D,1.0
7,5,4,PREF_N,1.0
7,5,12,OFF,1.0
7,5,17,OFF,1.0
7,5,24,PREF_D,1.0
7,5,31,OFF,1.0
7,6,8,OFF,1.0
7,6,10,OFF,1.0
7,6,20,OFF,1.0
7,6,25,PREF_D,1.0
7,6,28,PREF_N,1.0
7,7,4,PREF_E,1.0
7,7,5,OFF,1.0
7,7,6,OFF,1.0
7,7,14,PREF_D,1.0
7,7,16,PREF_N,1.0
7,7,17,PREF_N,1.0
7,7,23,PREF_D,1.0
7,7,26,PREF_D,1.0
7,8,8,PREF_D,1.0
7,8,10,PREF_N,1.0
7,8,20,OFF,1.0
7,8,27,PREF_N,1.0
7,9,1,PREF_N,1.0
7,9,9,OFF,1.0
7,9,14,OFF,1.0
7,9,25,OFF,1.0
7,9,26,OFF,1.0
7,10,3,PREF_N,1.0
7,10,9,OFF,1.0
7,10,12,PREF_D,1.0
7,10,15,OFF,1.0
7,10,16,PREF_E,1.0
7,10,19,OFF,1.0
7,11,6,OFF,1.0
7,11,13,OFF,1.0
7,11,14,PREF_N,1.0
7,11,20,OFF,1.0
7,11,29,PREF_E,1.0
7,12,1,OFF,1.0
7,12,2,OFF,1.0
7,12,4,PREF_N,1.0
7,12,19,PREF_N,1.0
7,12,21,PREF_D,1.0
7,12,26,PREF_E,1.0
7,13,2,OFF,1.0
7,13,7,PREF_D,1.0
7,13,9,PREF_D,1.0
7,13,11,PREF_N,1.0
7,13,12,OFF,1.0
7,13,26,PREF_E,1.0
7,14,16,OFF,1.0
7,14,19,PREF_E,1.0
7,14,23,OFF,1.0
7,14,26,PREF_E,1.0
7,14,31,OFF,1.0
7,15,3,OFF,1.0
7,15,10,OFF,1.0
7,15,18,PREF_N,1.0
7,15,19,PREF_E,1.0
7,15,22,OFF,1.0
7,15,23,PREF_D,1.0
7,15,27,PREF_N,1.0
7,16,3,OFF,1.0
7,16,10,OFF,1.0
7,16,12,PREF_D,1.0
7,16,17,OFF,1.0
7,16,20,OFF,1.0
7,16,31,PREF_D,1.0
7,17,3,PREF_N,1.0
7,17,11,OFF,1.0
7,17,17,OFF,1.0
7,17,20,PREF_N,1.0
7,17,21,PREF_D,1.0
7,17,27,PREF_E,1.0
7,18,1,PREF_D,1.0
7,18,4,OFF,1.0
7,18,8,OFF,1.0
7,18,9,OFF,1.0
7,18,12,PREF_E,1.0
7,18,14,PREF_N,1.0
7,18,15,PREF_D,1.0
7,18,22,PREF_D,1.0
7,18,23,OFF,1.0
7,18,24,OFF,1.0
7,18,27,PREF_E,1.0
7,18,30,OFF,1.0
7,18,31,OFF,1.0
7,19,2,OFF,1.0
7,19,4,OFF,1.0
7,19,13,PREF_D,1.0
7,19,25,OFF,1.0
7,19,27,PREF_N,1.0
7,20,8,PREF_E,1.0
7,20,11,PREF_N,1.0
7,20,15,PREF_D,1.0
7,20,23,OFF,1.0
7,20,24,PREF_D,1.0
7,20,29,PREF_N,1.0
7,21,4,PREF_E,1.0
7,21,21,PREF_E,1.0
7,21,23,PREF_N,1.0
7,21,25,PREF_D,1.0
7,21,29,OFF,1.0
7,22,20,PREF_N,1.0
7,22,22,OFF,1.0
7,22,24,OFF,1.0
7,22,27,OFF,1.0
7,22,30,PREF_N,1.0
7,23,1,PREF_N,1.0
7,23,2,PREF_E,1.0
7,23,3,PREF_E,1.0
7,23,12,PREF_E,1.0
7,23,13,PREF_E,1.0
7,23,16,PREF_N,1.0
7,23,25,OFF,1.0
7,23,27,OFF,1.0
7,24,2,OFF,1.0
7,24,4,OFF,1.0
7,24,8,PREF_N,1.0
7,24,13,OFF,1.0
7,24,15,PREF_E,1.0
7,24,16,OFF,1.0
7,24,19,OFF,1.0
7,24,25,PREF_D,1.0
7,24,29,PREF_N,1.0
7,24,30,PREF_N,1.0
7,25,21,OFF,1.0
7,25,31,PREF_E,1.0
7,26,5,OFF,1.0
7,26,8,PREF_E,1.0
7,26,9,PREF_D,1.0
7,26,10,OFF,1.0
7,26,14,OFF,1.0
7,26,17,PREF_E,1.0
7,26,26,OFF,1.0
7,27,2,PREF_N,1.0
7,27,10,OFF,1.0
7,27,12,OFF,1.0
7,27,13,OFF,1.0
7,27,25,OFF,1.0
7,27,28,PREF_N,1.0
7,27,29,PREF_E,1.0
7,28,9,OFF,1.0
7,28,10,OFF,1.0
7,28,12,PREF_D,1.0
7,28,15,OFF,1.0
7,29,3,OFF,1.0
7,29,4,OFF,1.0
7,29,14,OFF,1.0
7,29,15,PREF_D,1.0
7,29,16,PREF_E,1.0
7,29,20,OFF,1.0
7,29,25,OFF,1.0
7,30,2,OFF,1.0
7,30,19,PREF_D,1.0
7,30,22,OFF,1.0
7,30,26,PREF_D,1.0
7,30,28,OFF,1.0
7,30,29,OFF,1.0
7,31,5,PREF_E,1.0
7,31,29,PREF_E,1.0
7,32,12,OFF,1.0
7,32,16,OFF,1.0
7,32,21,PREF_E,1.0
7,32,26,OFF,1.0
7,32,31,PREF_D,1.0
7,33,8,PREF_D,1.0
7,33,18,PREF_D,1.0
7,33,19,PREF_N,1.0
7,33,21,PREF_N,1.0
7,33,23,OFF,1.0
7,33,24,PREF_N,1.0
7,33,30,OFF,1.0
7,34,1,OFF,1.0
7,34,15,PREF_E,1.0
7,34,20,PREF_N,1.0
7,34,24,OFF,1.0
7,35,1,PREF_E,1.0
7,35,2,PREF_D,1.0
7,35,3,OFF,1.0
7,35,8,PREF_N,1.0
7,35,13,OFF,1.0
7,35,19,OFF,1.0
7,35,23,PREF_D,1.0
7,35,31,OFF,1.0
7,36,19,PREF_D,1.0
7,36,22,PREF_E,1.0
7,36,28,OFF,1.0
7,37,2,OFF,1.0
7,37,4,OFF,1.0
7,37,10,PREF_N,1.0
7,37,12,PREF_D,1.0
7,37,16,OFF,1.0
7,37,20,OFF,1.0
7,37,21,PREF_E,1.0
7,37,23,PREF_D,1.0
7,37,26,OFF,1.0
7,37,31,OFF,1.0
7,38,10,PREF_N,1.0
7,38,15,OFF,1.0
7,38,18,PREF_E,1.0
7,38,23,OFF,1.0
7,38,24,OFF,1.0
7,38,27,OFF,1.0
7,39,5,OFF,1.0
7,39,6,OFF,1.0
7,39,14,OFF,1.0
7,39,24,OFF,1.0
8,0,13,OFF,1.0
8,0,14,PREF_N,1.0
8,0,15,OFF,1.0
8,0,16,PREF_D,1.0
8,0,26,PREF_N,1.0
8,0,28,OFF,1.0
8,1,2,PREF_N,1.0
8,1,7,PREF_E,1.0
8,1,10,OFF,1.0
8,1,12,OFF,1.0
8,1,15,OFF,1.0
8,1,27,OFF,1.0
8,2,6,PREF_E,1.0
8,2,8,PREF_D,1.0
8,2,10,PREF_D,1.0
8,2,11,PREF_E,1.0
8,2,12,OFF,1.0
8,2,18,PREF_E,1.0
8,2,19,OFF,1.0
8,2,25,OFF,1.0
8,2,27,PREF_D,1.0
8,2,31,OFF,1.0
8,3,2,PREF_E,1.0
8,3,4,PREF_D,1.0
8,3,5,OFF,1.0
8,3,7,OFF,1.0
8,3,15,PREF_E,1.0
8,3,17,OFF,1.0
8,3,22,PREF_N,1.0
8,3,30,PREF_N,1.0
8,4,9,OFF,1.0
8,4,11,OFF,1.0
8,4,12,OFF,1.0
8,4,15,PREF_N,1.0
8,4,30,OFF,1.0
8,5,5,PREF_E,1.0
8,5,7,PREF_D,1.0
8,5,16,PREF_N,1.0
8,5,21,OFF,1.0
8,5,28,OFF,1.0
8,6,8,PREF_D,1.0
8,6,14,OFF,1.0
8,6,17,PREF_E,1.0
8,6,18,OFF,1.0
8,6,21,OFF,1.0
8,6,22,PREF_E,1.0
8,6,24,PREF_N,1.0
8,6,26,OFF,1.0
8,6,31,PREF_E,1.0
8,7,2,OFF,1.0
8,7,3,PREF_D,1.0
8,7,7,PREF_D,1.0
8,7,16,OFF,1.0
8,7,19,OFF,1.0
8,7,21,OFF,1.0
8,8,4,PREF_N,1.0
8,8,5,OFF,1.0
8,8,7,OFF,1.0
8,8,8,PREF_N,1.0
8,8,20,PREF_E,1.0
8,8,24,OFF,1.0
8,8,29,OFF,1.0
8,9,1,OFF,1.0
8,9,9,OFF,1.0
8,9,15,PREF_D,1.0
8,9,16,PREF_D,1.0
8,9,20,PREF_N,1.0
8,9,31,PREF_D,1.0
8,10,1,OFF,1.0
8,10,2,OFF,1.0
8,10,5,OFF,1.0
8,10,7,OFF,1.0
8,10,9,OFF,1.0
8,10,16,OFF,1.0
8,10,22,OFF,1.0
8,10,24,PREF_N,1.0
8,10,25,OFF,1.0
8,10,26,OFF,1.0
8,11,3,OFF,1.0
8,11,13,OFF,1.0
8,11,14,PREF_N,1.0
8,11,20,PREF_N,1.0
8,11,27,OFF,1.0
8,11,31,PREF_E,1.0
8,12,1,PREF_D,1.0
8,12,2,OFF,1.0
8,12,7,PREF_E,1.0
8,12,9,OFF,1.0
8,12,11,OFF,1.0
8,12,13,OFF,1.0
8,12,15,PREF_N,1.0
8,12,17,OFF,1.0
8,12,25,PREF_N,1.0
8,12,28,PREF_D,1.0
8,13,4,OFF,1.0
8,13,8,OFF,1.0
8,13,26,PREF_D,1.0
8,14,3,PREF_D,1.0
8,14,8,OFF,1.0
8,14,9,OFF,1.0
8,14,12,OFF,1.0
8,14,15,OFF,1.0
8,14,30,OFF,1.0
8,15,4,OFF,1.0
8,15,11,PREF_E,1.0
8,15,16,PREF_E,1.0
8,15,18,OFF,1.0
8,15,19,OFF,1.0
8,15,22,PREF_N,1.0
8,15,25,OFF,1.0
8,15,29,PREF_D,1.0
8,16,1,PREF_D,1.0
8,16,2,PREF_D,1.0
8,16,4,OFF,1.0
8,16,16,PREF_E,1.0
8,16,20,PREF_N,1.0
8,16,26,OFF,1.0
8,16,28,PREF_E,1.0
8,16,31,PREF_N,1.0
8,17,4,OFF,1.0
8,17,5,PREF_N,1.0
8,17,7,PREF_D,1.0
8,17,12,PREF_N,1.0
8,17,17,PREF_D,1.0
8,17,19,PREF_N,1.0
8,17,25,PREF_D,1.0
8,18,1,OFF,1.0
8,18,11,OFF,1.0
8,18,12,OFF,1.0
8,18,16,PREF_N,1.0
8,18,17,OFF,1.0
8,18,24,OFF,1.0
8,18,30,PREF_D,1.0
8,19,4,PREF_N,1.0
8,19,7,PREF_N,1.0
8,19,12,PREF_E,1.0
8,19,18,PREF_N,1.0
8,19,21,PREF_D,1.0
8,19,22,PREF_E,1.0
8,19,26,OFF,1.0
8,19,28,PREF_E,1.0
8,20,13,OFF,1.0
8,20,19,OFF,1.0
8,20,21,OFF,1.0
8,20,22,PREF_D,1.0
8,20,23,PREF_N,1.0
8,20,25,OFF,1.0
8,20,27,PREF_D,1.0
8,20,30,PREF_D,1.0
8,21,7,OFF,1.0
8,21,8,OFF,1.0
8,21,11,PREF_E,1.0
8,21,14,OFF,1.0
8,21,15,OFF,1.0
8,21,20,OFF,1.0
8,21,28,PREF_E,1.0
8,22,1,PREF_D,1.0
8,22,6,PREF_E,1.0
8,22,10,PREF_N,1.0
8,22,13,OFF,1.0
8,22,20,OFF,1.0
8,22,21,OFF,1.0
8,22,22,OFF,1.0
8,22,28,PREF_D,1.0
8,22,31,OFF,1.0
8,23,2,OFF,1.0
8,23,16,OFF,1.0
8,23,18,OFF,1.0
8,23,23,OFF,1.0
8,23,24,OFF,1.0
8,24,2,OFF,1.0
8,24,3,OFF,1.0
8,24,12,PREF_N,1.0
8,24,16,OFF,1.0
8,24,21,OFF,1.0
8,24,23,OFF,1.0
8,25,6,OFF,1.0
8,25,18,PREF_N,1.0
8,25,19,PREF_E,1.0
8,25,22,OFF,1.0
8,25,29,PREF_N,1.0
8,26,2,PREF_D,1.0
8,26,7,OFF,1.0
8,26,20,PREF_D,1.0
8,26,22,PREF_E,1.0
8,26,23,OFF,1.0
8,27,7,OFF,1.0
8,27,15,OFF,1.0
8,27,16,PREF_N,1.0
8,27,24,OFF,1.0
8,28,15,OFF,1.0
8,28,22,OFF,1.0
8,28,23,PREF_D,1.0
8,28,30,OFF,1.0
8,29,2,OFF,1.0
8,29,8,PREF_E,1.0
8,29,16,OFF,1.0
8,29,21,PREF_E,1.0
8,29,31,OFF,1.0
8,30,1,PREF_D,1.0
8,30,6,OFF,1.0
8,30,7,OFF,1.0
8,30,9,PREF_N,1.0
8,30,10,PREF_N,1.0
8,30,15,PREF_D,1.0
8,30,19,OFF,1.0
8,31,3,OFF,1.0
8,31,5,OFF,1.0
8,31,6,OFF,1.0
8,31,15,PREF_N,1.0
8,31,20,OFF,1.0
8,32,2,OFF,1.0
8,32,8,OFF,1.0
8,32,13,PREF_D,1.0
8,32,14,OFF,1.0
8,32,28,OFF,1.0
8,32,29,PREF_N,1.0
8,33,3,OFF,1.0
8,33,4,OFF,1.0
8,33,8,PREF_N,1.0
8,33,11,PREF_N,1.0
8,33,12,OFF,1.0
8,33,18,OFF,1.0
8,33,24,PREF_D,1.0
8,33,27,OFF,1.0
8,33,30,PREF_E,1.0
8,34,7,PREF_N,1.0
8,34,18,OFF,1.0
8,34,22,OFF,1.0
8,34,31,PREF_N,1.0
8,35,13,OFF,1.0
8,35,22,PREF_E,1.0
8,35,24,OFF,1.0
8,36,1,OFF,1.0
8,36,8,PREF_D,1.0
8,36,16,PREF_E,1.0
8,36,30,OFF,1.0
8,37,2,PREF_N,1.0
8,37,7,OFF,1.0
8,37,25,PREF_E,1.0
8,38,1,PREF_E,1.0
8,38,8,OFF,1.0
8,38,9,PREF_N,1.0
8,38,10,PREF_D,1.0
8,38,19,OFF,1.0
8,39,2,OFF,1.0
8,39,5,PREF_D,1.0
8,39,12,PREF_E,1.0
8,39,14,PREF_N,1.0
8,39,23,PREF_N,1.0
8,39,28,OFF,1.0
8,39,30,PREF_N,1.0
9,0,13,OFF,1.0
9,0,14,OFF,1.0
9,0,18,PREF_E,1.0
9,0,27,PREF_D,1.0
9,1,6,OFF,1.0
9,1,15,OFF,1.0
9,1,16,PREF_D,1.0
9,1,17,PREF_N,1.0
9,1,22,OFF,1.0
9,1,24,OFF,1.0
9,2,6,OFF,1.0
9,2,12,PREF_N,1.0
9,2,22,PREF_D,1.0
9,3,18,PREF_N,1.0
9,3,22,PREF_E,1.0
9,4,9,PREF_E,1.0
9,4,10,PREF_E,1.0
9,4,13,PREF_D,1.0
9,4,20,PREF_N,1.0
9,4,28,OFF,1.0
9,5,2,PREF_D,1.0
9,5,15,PREF_E,1.0
9,5,23,OFF,1.0
9,6,17,PREF_E,1.0
9,6,26,OFF,1.0
9,7,8,PREF_D,1.0
9,7,13,OFF,1.0
9,8,1,OFF,1.0
9,8,3,OFF,1.0
9,8,5,PREF_E,1.0
9,8,8,OFF,1.0
9,8,12,PREF_N,1.0
9,8,19,PREF_D,1.0
9,8,23,PREF_N,1.0
9,8,30,OFF,1.0
9,9,5,OFF,1.0
9,9,9,PREF_N,1.0
9,9,16,PREF_N,1.0
9,9,20,OFF,1.0
9,9,21,PREF_E,1.0
9,9,23,PREF_D,1.0
9,9,24,OFF,1.0
9,9,25,PREF_D,1.0
9,9,27,PREF_E,1.0
9,9,28,PREF_E,1.0
9,10,2,OFF,1.0
9,10,5,PREF_N,1.0
9,10,7,PREF_N,1.0
9,10,13,OFF,1.0
9,10,17,OFF,1.0
9,10,28,OFF,1.0
9,11,1,OFF,1.0
9,11,8,PREF_D,1.0
9,11,13,OFF,1.0
9,11,14,PREF_N,1.0
9,11,15,PREF_N,1.0
9,11,16,OFF,1.0
9,11,18,PREF_D,1.0
9,11,20,PREF_N,1.0
9,11,21,PREF_D,1.0
9,11,22,PREF_N,1.0
9,11,26,PREF_D,1.0
9,11,30,OFF,1.0
9,12,1,PREF_E,1.0
9,12,2,OFF,1.0
9,12,9,OFF,1.0
9,12,11,OFF,1.0
9,12,17,OFF,1.0
9,12,19,OFF,1.0
9,12,26,PREF_E,1.0
9,12,28,OFF,1.0
9,13,12,OFF,1.0
9,13,21,OFF,1.0
9,13,22,PREF_E,1.0
9,13,25,OFF,1.0
9,13,26,PREF_N,1.0
9,14,1,OFF,1.0
9,14,3,PREF_E,1.0
9,14,4,PREF_D,1.0
9,14,7,OFF,1.0
9,14,10,OFF,1.0
9,14,19,PREF_N,1.0
9,15,5,OFF,1.0
9,15,10,PREF_N,1.0
9,15,11,PREF_D,1.0
9,15,14,OFF,1.0
9,15,21,PREF_E,1.0
9,15,24,OFF,1.0
9,16,1,PREF_D,1.0
9,16,2,OFF,1.0
9,16,8,PREF_N,1.0
9,16,14,OFF,1.0
9,16,17,OFF,1.0
9,16,19,OFF,1.0
9,16,20,PREF_E,1.0
9,16,22,PREF_E,1.0
9,16,26,PREF_D,1.0
9,17,3,PREF_N,1.0
9,17,7,PREF_N,1.0
9,17,9,PREF_D,1.0
9,17,11,OFF,1.0
9,17,12,OFF,1.0
9,17,23,PREF_E,1.0
9,17,25,PREF_N,1.0
9,18,5,PREF_E,1.0
9,18,9,PREF_N,1.0
9,18,10,PREF_N,1.0
9,18,16,PREF_N,1.0
9,18,17,PREF_E,1.0
9,18,18,OFF,1.0
9,18,28,PREF_D,1.0
9,18,30,PREF_D,1.0
9,19,1,OFF,1.0
9,19,4,PREF_E,1.0
9,19,5,OFF,1.0
9,19,7,PREF_E,1.0
9,19,8,OFF,1.0
9,19,20,OFF,1.0
9,19,22,OFF,1.0
9,19,30,OFF,1.0
9,20,2,OFF,1.0
9,20,4,OFF,1.0
9,20,6,OFF,1.0
9,20,19,OFF,1.0
9,20,20,OFF,1.0
9,20,21,OFF,1.0
9,20,22,OFF,1.0
9,20,23,PREF_E,1.0
9,20,29,PREF_D,1.0
9,21,7,PREF_D,1.0
9,21,8,OFF,1.0
9,21,9,OFF,1.0
9,21,10,PREF_N,1.0
9,21,13,OFF,1.0
9,21,24,OFF,1.0
9,21,30,PREF_D,1.0
9,22,8,OFF,1.0
9,22,10,OFF,1.0
9,22,13,OFF,1.0
9,22,18,OFF,1.0
9,22,19,OFF,1.0
9,22,21,PREF_D,1.0
9,22,24,PREF_N,1.0
9,22,28,OFF,1.0
9,23,7,PREF_E,1.0
9,23,10,PREF_D,1.0
9,23,20,PREF_N,1.0
9,23,21,PREF_E,1.0
9,24,2,OFF,1.0
9,24,15,PREF_D,1.0
9,24,26,OFF,1.0
9,24,28,PREF_D,1.0
9,25,2,PREF_D,1.0
9,25,5,OFF,1.0
9,25,6,OFF,1.0
9,25,7,OFF,1.0
9,25,12,PREF_E,1.0
9,25,14,PREF_E,1.0
9,25,30,PREF_E,1.0
9,26,8,OFF,1.0
9,26,12,PREF_N,1.0
9,26,25,PREF_E,1.0
9,27,11,OFF,1.0
9,28,11,PREF_D,1.0
9,28,14,OFF,1.0
9,28,18,OFF,1.0
9,28,19,OFF,1.0
9,28,27,OFF,1.0
9,29,1,OFF,1.0
9,29,2,OFF,1.0
9,29,6,PREF_N,1.0
9,29,10,PREF_D,1.0
9,29,24,PREF_E,1.0
9,29,28,PREF_D,1.0
9,30,9,OFF,1.0
9,30,10,PREF_E,1.0
9,30,12,OFF,1.0
9,30,15,OFF,1.0
9,30,22,OFF,1.0
9,30,23,OFF,1.0
9,30,27,OFF,1.0
9,31,2,OFF,1.0
9,31,6,PREF_N,1.0
9,31,10,PREF_N,1.0
9,31,15,PREF_N,1.0
9,32,5,OFF,1.0
9,32,14,PREF_N,1.0
9,32,16,OFF,1.0
9,32,17,PREF_D,1.0
9,32,26,OFF,1.0
9,33,5,PREF_N,1.0
9,33,6,OFF,1.0
9,33,7,PREF_D,1.0
9,33,25,PREF_N,1.0
9,33,27,OFF,1.0
9,33,30,OFF,1.0
9,34,4,OFF,1.0
9,34,5,OFF,1.0
9,34,14,PREF_D,1.0
9,34,16,OFF,1.0
9,34,18,PREF_E,1.0
9,34,21,OFF,1.0
9,34,22,PREF_N,1.0
9,34,27,PREF_D,1.0
9,35,29,PREF_E,1.0
9,36,11,PREF_N,1.0
9,36,13,PREF_E,1.0
9,36,19,OFF,1.0
9,36,24,PREF_D,1.0
9,36,28,PREF_N,1.0
9,37,2,PREF_D,1.0
9,37,11,PREF_D,1.0
9,37,13,OFF,1.0
9,37,21,PREF_N,1.0
9,37,23,PREF_D,1.0
9,37,24,PREF_N,1.0
9,38,1,PREF_E,1.0
9,38,3,OFF,1.0
9,38,9,OFF,1.0
9,38,11,PREF_N,1.0
9,38,18,OFF,1.0
9,38,20,OFF,1.0
9,38,22,OFF,1.0
9,38,30,OFF,1.0
9,39,10,PREF_E,1.0
9,39,17,OFF,1.0
9,39,20,OFF,1.0
9,39,21,PREF_D,1.0
9,39,28,PREF_E,1.0
9,39,29,OFF,1.0
10,0,18,OFF,1.0
10,0,19,PREF_N,1.0
10,0,20,PREF_E,1.0
10,0,21,PREF_D,1.0
10,0,23,PREF_E,1.0
10,0,24,OFF,1.0
10,0,27,PREF_E,1.0
10,0,28,PREF_E,1.0
10,1,10,PREF_E,1.0
10,1,12,OFF,1.0
10,1,16,OFF,1.0
10,1,25,OFF,1.0
10,1,27,OFF,1.0
10,2,2,PREF_N,1.0
10,2,3,OFF,1.0
10,2,20,OFF,1.0
10,2,21,PREF_D,1.0
10,2,23,OFF,1.0
10,2,24,OFF,1.0
10,2,27,OFF,1.0
10,3,4,PREF_D,1.0
10,3,6,PREF_N,1.0
10,3,7,OFF,1.0
10,3,8,PREF_E,1.0
10,3,10,PREF_N,1.0
10,3,12,PREF_E,1.0
10,3,19,OFF,1.0
10,4,5,OFF,1.0
10,4,7,PREF_E,1.0
10,4,8,PREF_E,1.0
10,4,20,PREF_N,1.0
10,4,30,PREF_D,1.0
10,5,2,PREF_N,1.0
10,5,4,PREF_E,1.0
10,5,11,OFF,1.0
10,5,13,OFF,1.0
10,5,19,PREF_D,1.0
10,5,23,PREF_E,1.0
10,5,24,PREF_E,1.0
10,6,6,OFF,1.0
10,6,8,PREF_N,1.0
10,6,18,PREF_E,1.0
10,6,19,OFF,1.0
10,6,20,PREF_N,1.0
10,6,21,PREF_N,1.0
10,6,22,OFF,1.0
10,7,1,PREF_N,1.0
10,7,8,OFF,1.0
10,7,9,OFF,1.0
10,7,13,OFF,1.0
10,8,1,OFF,1.0
10,8,3,PREF_N,1.0
10,8,7,OFF,1.0
10,8,9,OFF,1.0
10,8,16,PREF_D,1.0
10,8,20,OFF,1.0
10,8,21,OFF,1.0
10,8,29,PREF_N,1.0
10,9,12,PREF_E,1.0
10,9,15,PREF_D,1.0
10,9,16,OFF,1.0
10,9,20,PREF_D,1.0
10,9,26,OFF,1.0
10,10,4,OFF,1.0
10,10,8,PREF_N,1.0
10,10,12,OFF,1.0
10,10,23,OFF,1.0
10,10,27,OFF,1.0
10,11,1,OFF,1.0
10,11,9,PREF_D,1.0
10,11,16,PREF_E,1.0
10,11,18,OFF,1.0
10,11,20,PREF_N,1.0
10,11,21,PREF_N,1.0
10,12,2,OFF,1.0
10,12,8,OFF,1.0
10,12,16,OFF,1.0
10,13,9,PREF_E,1.0
10,13,10,PREF_N,1.0
10,13,15,OFF,1.0
10,14,1,PREF_E,1.0
10,14,10,PREF_D,1.0
10,14,12,PREF_E,1.0
10,15,1,OFF,1.0
10,15,3,OFF,1.0
10,15,13,PREF_E,1.0
10,15,17,PREF_E,1.0
10,15,19,PREF_D,1.0
10,16,2,OFF,1.0
10,16,8,PREF_E,1.0
10,16,11,PREF_N,1.0
10,16,12,OFF,1.0
10,16,18,OFF,1.0
10,16,19,PREF_E,1.0
10,16,20,PREF_D,1.0
10,16,24,PREF_E,1.0
10,17,12,PREF_E,1.0
10,17,19,PREF_E,1.0
10,17,26,OFF,1.0
10,17,27,OFF,1.0
10,17,29,OFF,1.0
10,17,30,PREF_D,1.0
10,18,5,OFF,1.0
10,18,15,PREF_N,1.0
10,18,19,OFF,1.0
10,18,25,PREF_E,1.0
10,18,27,PREF_E,1.0
10,19,8,PREF_D,1.0
10,19,9,PREF_D,1.0
10,19,12,PREF_E,1.0
10,19,16,OFF,1.0
10,19,18,OFF,1.0
10,19,20,OFF,1.0
10,19,23,PREF_D,1.0
10,20,3,PREF_E,1.0
10,20,5,OFF,1.0
10,20,9,OFF,1.0
10,20,14,PREF_D,1.0
10,20,15,PREF_E,1.0
10,20,24,OFF,1.0
10,21,3,OFF,1.0
10,21,8,PREF_N,1.0
10,21,10,PREF_E,1.0
10,21,13,OFF,1.0
10,21,14,PREF_E,1.0
10,21,16,PREF_D,1.0
10,21,25,PREF_N,1.0
10,21,29,OFF,1.0
10,22,2,PREF_E,1.0
10,22,6,OFF,1.0
10,22,7,OFF,1.0
10,22,13,PREF_N,1.0
10,22,18,PREF_E,1.0
10,22,19,PREF_N,1.0
10,22,21,PREF_D,1.0
10,22,22,OFF,1.0
10,22,27,PREF_N,1.0
10,22,30,PREF_D,1.0
10,23,12,PREF_D,1.0
10,23,23,PREF_E,1.0
10,23,28,OFF,1.0
10,24,2,PREF_E,1.0
10,24,10,PREF_N,1.0
10,24,13,OFF,1.0
10,24,15,OFF,1.0
10,24,16,OFF,1.0
10,25,8,PREF_D,1.0
10,25,17,PREF_E,1.0
10,25,25,OFF,1.0
10,25,27,OFF,1.0
10,25,31,OFF,1.0
10,26,1,OFF,1.0
10,26,4,PREF_E,1.0
10,26,7,OFF,1.0
10,26,13,OFF,1.0
10,27,10,PREF_N,1.0
10,27,18,PREF_D,1.0
10,27,19,PREF_D,1.0
10,27,20,OFF,1.0
10,27,25,OFF,1.0
10,27,27,PREF_D,1.0
10,27,28,PREF_D,1.0
10,27,29,OFF,1.0
10,28,2,OFF,1.0
10,28,6,PREF_D,1.0
10,28,13,OFF,1.0
10,28,14,PREF_E,1.0
10,28,16,PREF_E,1.0
10,28,20,OFF,1.0
10,28,29,OFF,1.0
10,29,1,OFF,1.0
10,29,4,PREF_E,1.0
10,29,7,OFF,1.0
10,29,20,PREF_E,1.0
10,29,29,OFF,1.0
10,29,30,PREF_N,1.0
10,30,2,OFF,1.0
10,30,3,PREF_N,1.0
10,30,11,PREF_D,1.0
10,30,13,OFF,1.0
10,30,14,OFF,1.0
10,30,15,OFF,1.0
10,30,16,PREF_D,1.0
10,30,22,PREF_N,1.0
10,30,31,PREF_D,1.0
10,31,5,PREF_D,1.0
10,31,7,PREF_D,1.0
10,31,12,OFF,1.0
10,31,13,PREF_N,1.0
10,31,16,OFF,1.0
10,31,18,PREF_E,1.0
10,31,30,OFF,1.0
10,31,31,OFF,1.0
10,32,3,PREF_E,1.0
10,32,6,PREF_N,1.0
10,32,11,PREF_N,1.0
10,32,14,PREF_D,1.0
10,32,15,PREF_D,1.0
10,32,22,PREF_N,1.0
10,32,23,PREF_N,1.0
10,32,26,PREF_N,1.0
10,32,27,OFF,1.0
10,32,28,OFF,1.0
10,33,1,PREF_N,1.0
10,33,7,OFF,1.0
10,33,10,OFF,1.0
10,33,24,PREF_N,1.0
10,34,6,PREF_N,1.0
10,34,14,PREF_D,1.0
10,34,17,PREF_D,1.0
10,34,18,PREF_E,1.0
10,34,21,PREF_E,1.0
10,34,27,PREF_E,1.0
10,34,29,OFF,1.0
10,35,2,OFF,1.0
10,35,5,OFF,1.0
10,35,8,PREF_N,1.0
10,35,28,OFF,1.0
10,36,10,OFF,1.0
10,36,23,PREF_N,1.0
10,36,24,PREF_E,1.0
10,36,28,OFF,1.0
10,36,30,PREF_N,1.0
10,37,4,OFF,1.0
10,37,6,OFF,1.0
10,37,13,OFF,1.0
10,37,21,PREF_D,1.0
10,37,24,OFF,1.0
10,37,25,PREF_D,1.0
10,37,26,OFF,1.0
10,37,27,OFF,1.0
10,37,28,OFF,1.0
10,37,29,PREF_E,1.0
10,38,11,OFF,1.0
10,38,13,OFF,1.0
10,38,14,PREF_N,1.0
10,38,15,OFF,1.0
10,38,24,OFF,1.0
10,38,26,OFF,1.0
10,39,6,OFF,1.0
10,39,16,PREF_D,1.0
10,39,17,OFF,1.0
10,39,19,PREF_E,1.0
10,39,27,OFF,1.0
10,39,29,PREF_N,1.0
10,39,31,PREF_D,1.0
11,0,1,PREF_D,1.0
11,0,3,PREF_N,1.0
11,0,5,OFF,1.0
11,0,11,PREF_E,1.0
11,0,13,OFF,1.0
11,0,16,PREF_D,1.0
11,0,21,OFF,1.0
11,0,22,OFF,1.0
11,0,28,PREF_E,1.0
11,1,2,OFF,1.0
11,1,21,OFF,1.0
11,1,24,PREF_D,1.0
11,2,2,OFF,1.0
11,2,7,OFF,1.0
11,2,16,PREF_D,1.0
11,2,17,OFF,1.0
11,2,19,OFF,1.0
11,2,25,OFF,1.0
11,3,1,PREF_N,1.0
11,3,4,OFF,1.0
11,3,7,OFF,1.0
11,3,10,PREF_E,1.0
11,3,11,PREF_E,1.0
11,3,14,PREF_E,1.0
11,3,19,OFF,1.0
11,3,23,PREF_N,1.0
11,3,26,PREF_N,1.0
11,3,30,PREF_D,1.0
11,4,20,OFF,1.0
11,4,21,PREF_N,1.0
11,4,22,PREF_E,1.0
11,4,23,OFF,1.0
11,4,26,PREF_N,1.0
11,5,1,OFF,1.0
11,5,3,PREF_D,1.0
11,5,7,PREF_N,1.0
11,5,10,OFF,1.0
11,5,13,OFF,1.0
11,5,15,PREF_D,1.0
11,5,17,OFF,1.0
11,5,20,PREF_E,1.0
11,5,26,PREF_E,1.0
11,5,30,OFF,1.0
11,6,9,OFF,1.0
11,6,29,PREF_N,1.0
11,7,4,OFF,1.0
11,7,29,PREF_N,1.0
11,8,4,OFF,1.0
11,8,9,PREF_E,1.0
11,8,17,OFF,1.0
11,8,19,PREF_N,1.0
11,8,23,PREF_D,1.0
11,8,26,OFF,1.0
11,8,27,OFF,1.0
11,9,1,OFF,1.0
11,9,15,OFF,1.0
11,9,20,OFF,1.0
11,9,22,OFF,1.0
11,10,1,PREF_D,1.0
11,10,6,PREF_D,1.0
11,10,15,PREF_N,1.0
11,10,25,PREF_E,1.0
11,10,26,PREF_D,1.0
11,10,29,PREF_E,1.0
11,11,7,PREF_N,1.0
11,11,20,PREF_E,1.0
11,11,25,PREF_N,1.0
11,12,5,OFF,1.0
11,12,12,OFF,1.0
11,12,14,PREF_D,1.0
11,12,17,OFF,1.0
11,13,15,OFF,1.0
11,13,18,OFF,1.0
11,13,30,PREF_E,1.0
11,14,13,OFF,1.0
11,14,15,PREF_N,1.0
11,14,27,OFF,1.0
11,15,2,OFF,1.0
11,15,15,OFF,1.0
11,16,30,OFF,1.0
11,17,6,OFF,1.0
11,17,9,PREF_D,1.0
11,17,10,PREF_D,1.0
11,17,11,PREF_E,1.0
11,18,2,PREF_D,1.0
11,18,7,OFF,1.0
11,18,8,OFF,1.0
11,18,10,PREF_N,1.0
11,18,15,OFF,1.0
11,18,21,OFF,1.0
11,19,6,OFF,1.0
11,19,8,OFF,1.0
11,20,2,PREF_N,1.0
11,20,14,OFF,1.0
11,20,25,PREF_D,1.0
11,21,10,OFF,1.0
11,21,16,PREF_E,1.0
11,21,21,OFF,1.0
11,22,6,PREF_D,1.0
11,22,9,OFF,1.0
11,22,13,OFF,1.0
11,22,20,OFF,1.0
11,22,27,OFF,1.0
11,23,10,OFF,1.0
11,23,11,OFF,1.0
11,23,12,OFF,1.0
11,23,19,OFF,1.0
11,23,24,OFF,1.0
11,23,27,OFF,1.0
11,24,4,OFF,1.0
11,24,18,PREF_N,1.0
11,24,22,PREF_N,1.0
11,24,26,PREF_E,1.0
11,24,28,PREF_D,1.0
11,25,7,PREF_E,1.0
11,25,9,OFF,1.0
11,25,21,OFF,1.0
11,25,22,PREF_N,1.0
11,25,26,OFF,1.0
11,26,8,PREF_N,1.0
11,26,13,OFF,1.0
11,26,14,OFF,1.0
11,26,15,OFF,1.0
11,26,16,PREF_D,1.0
11,26,27,OFF,1.0
11,27,1,OFF,1.0
11,27,4,OFF,1.0
11,27,7,PREF_E,1.0
11,27,9,PREF_D,1.0
11,27,11,PREF_E,1.0
11,27,12,PREF_E,1.0
11,27,24,PREF_D,1.0
11,27,25,PREF_N,1.0
11,28,4,PREF_D,1.0
11,28,5,OFF,1.0
11,28,10,OFF,1.0
11,28,18,PREF_E,1.0
11,28,21,PREF_D,1.0
11,29,2,OFF,1.0
11,29,3,OFF,1.0
11,29,5,OFF,1.0
11,29,17,PREF_D,1.0
11,29,18,PREF_D,1.0
11,29,25,OFF,1.0
11,29,27,PREF_E,1.0
11,30,3,PREF_D,1.0
11,30,4,PREF_N,1.0
11,30,13,OFF,1.0
11,30,27,PREF_E,1.0
11,31,2,OFF,1.0
11,31,3,PREF_E,1.0
11,31,4,OFF,1.0
11,31,9,OFF,1.0
11,31,17,PREF_N,1.0
11,31,20,OFF,1.0
11,32,1,PREF_D,1.0
11,32,8,OFF,1.0
11,32,18,OFF,1.0
11,32,19,OFF,1.0
11,32,30,PREF_E,1.0
11,33,2,OFF,1.0
11,33,15,OFF,1.0
11,33,18,OFF,1.0
11,33,19,OFF,1.0
11,33,20,OFF,1.0
11,33,22,OFF,1.0
11,33,27,OFF,1.0
11,33,29,PREF_E,1.0
11,34,8,PREF_E,1.0
11,34,18,OFF,1.0
11,34,19,PREF_D,1.0
11,35,5,PREF_E,1.0
11,35,21,OFF,1.0
11,35,26,OFF,1.0
11,35,30,PREF_E,1.0
11,36,6,PREF_N,1.0
11,36,12,OFF,1.0
11,36,15,PREF_N,1.0
11,36,25,PREF_E,1.0
11,37,2,PREF_D,1.0
11,37,5,OFF,1.0
11,37,6,PREF_D,1.0
11,37,15,OFF,1.0
11,37,17,OFF,1.0
11,37,19,PREF_D,1.0
11,37,26,OFF,1.0
11,37,29,PREF_D,1.0
11,38,12,OFF,1.0
11,38,17,PREF_N,1.0
11,38,24,OFF,1.0
11,38,26,OFF,1.0
11,39,1,PREF_N,1.0
11,39,4,PREF_N,1.0
11,39,6,OFF,1.0
11,39,9,OFF,1.0
11,39,15,PREF_N,1.0
11,39,18,PREF_D,1.0
11,39,23,PREF_E,1.0
12,0,12,PREF_E,1.0
12,0,13,PREF_E,1.0
12,0,14,PREF_D,1.0
12,0,16,OFF,1.0
12,0,27,OFF,1.0
12,0,29,OFF,1.0
12,0,31,OFF,1.0
12,1,1,PREF_D,1.0
12,1,10,PREF_N,1.0
12,1,14,OFF,1.0
12,1,15,PREF_D,1.0
12,1,16,OFF,1.0
12,1,20,OFF,1.0
12,1,25,PREF_D,1.0
12,2,1,OFF,1.0
12,2,11,PREF_D,1.0
12,2,20,OFF,1.0
12,2,22,OFF,1.0
12,2,24,OFF,1.0
12,2,30,PREF_N,1.0
12,3,2,OFF,1.0
12,3,12,PREF_N,1.0
12,3,17,PREF_E,1.0
12,3,18,OFF,1.0
12,3,30,OFF,1.0
12,4,5,OFF,1.0
12,4,16,PREF_E,1.0
12,4,17,PREF_N,1.0
12,4,22,PREF_D,1.0
12,4,26,PREF_D,1.0
12,4,30,PREF_N,1.0
12,5,4,PREF_E,1.0
12,5,12,OFF,1.0
12,5,26,PREF_N,1.0
12,5,29,OFF,1.0
12,5,31,OFF,1.0
12,6,5,PREF_D,1.0
12,6,9,OFF,1.0
12,6,22,PREF_D,1.0
12,6,26,PREF_N,1.0
12,6,31,OFF,1.0
12,7,2,OFF,1.0
12,7,4,PREF_N,1.0
12,7,11,OFF,1.0
12,7,18,PREF_E,1.0
12,7,20,PREF_N,1.0
12,8,4,OFF,1.0
12,8,15,OFF,1.0
12,8,17,OFF,1.0
12,8,23,PREF_E,1.0
12,8,28,PREF_N,1.0
12,8,29,PREF_N,1.0
12,9,1,OFF,1.0
12,9,6,OFF,1.0
12,9,12,OFF,1.0
12,9,15,PREF_D,1.0
12,9,20,OFF,1.0
12,9,29,PREF_E,1.0
12,9,30,PREF_D,1.0
12,10,7,PREF_D,1.0
12,10,13,OFF,1.0
12,10,16,OFF,1.0
12,10,25,OFF,1.0
12,10,28,PREF_N,1.0
12,10,29,OFF,1.0
12,11,5,OFF,1.0
12,11,6,PREF_E,1.0
12,11,8,OFF,1.0
12,11,26,OFF,1.0
12,11,28,PREF_N,1.0
12,12,5,PREF_E,1.0
12,12,11,OFF,1.0
12,12,19,OFF,1.0
12,12,26,PREF_D,1.0
12,12,28,PREF_E,1.0
12,12,31,PREF_N,1.0
12,13,1,OFF,1.0
12,13,3,PREF_N,1.0
12,13,5,PREF_N,1.0
12,13,10,PREF_N,1.0
12,13,11,OFF,1.0
12,13,13,PREF_D,1.0
12,13,14,OFF,1.0
12,13,15,PREF_D,1.0
12,13,18,OFF,1.0
12,13,22,PREF_N,1.0
12,13,27,PREF_D,1.0
12,13,31,PREF_N,1.0
12,14,2,PREF_E,1.0
12,14,6,OFF,1.0
12,14,10,PREF_N,1.0
12,14,11,PREF_D,1.0
12,14,13,OFF,1.0
12,14,15,PREF_D,1.0
12,15,1,OFF,1.0
12,15,3,OFF,1.0
12,15,7,OFF,1.0
12,15,11,PREF_D,1.0
12,15,16,OFF,1.0
12,15,19,OFF,1.0
12,15,27,PREF_N,1.0
12,16,3,PREF_N,1.0
12,16,7,OFF,1.0
12,16,9,OFF,1.0
12,16,24,OFF,1.0
12,16,30,OFF,1.0
12,17,6,PREF_D,1.0
12,17,11,PREF_D,1.0
12,17,24,PREF_N,1.0
12,17,29,PREF_N,1.0
12,17,31,PREF_E,1.0
12,18,6,PREF_E,1.0
12,18,10,OFF,1.0
12,18,14,OFF,1.0
12,18,19,OFF,1.0
12,19,13,PREF_D,1.0
12,19,23,OFF,1.0
12,19,25,OFF,1.0
12,19,27,OFF,1.0
12,19,28,PREF_D,1.0
12,19,29,PREF_N,1.0
12,20,7,PREF_D,1.0
12,20,9,OFF,1.0
12,20,12,PREF_D,1.0
12,20,13,PREF_D,1.0
12,20,15,PREF_D,1.0
12,20,20,OFF,1.0
12,20,28,PREF_E,1.0
12,21,2,PREF_N,1.0
12,21,6,PREF_D,1.0
12,21,8,OFF,1.0
12,21,12,PREF_N,1.0
12,21,18,OFF,1.0
12,21,21,PREF_D,1.0
12,21,30,OFF,1.0
12,22,2,PREF_D,1.0
12,22,4,OFF,1.0
12,22,25,OFF,1.0
12,22,27,OFF,1.0
12,23,5,OFF,1.0
12,23,13,OFF,1.0
12,23,16,OFF,1.0
12,23,19,PREF_D,1.0
12,23,22,PREF_D,1.0
12,23,24,PREF_E,1.0
12,23,27,OFF,1.0
12,23,31,OFF,1.0
12,24,1,OFF,1.0
12,24,8,OFF,1.0
12,24,15,PREF_E,1.0
12,24,18,OFF,1.0
12,24,29,OFF,1.0
12,25,6,PREF_E,1.0
12,25,14,OFF,1.0
12,25,17,OFF,1.0
12,25,19,PREF_E,1.0
12,25,23,PREF_N,1.0
12,25,28,OFF,1.0
12,26,7,PREF_N,1.0
12,26,14,OFF,1.0
12,26,17,PREF_N,1.0
12,26,18,PREF_N,1.0
12,26,20,OFF,1.0
12,26,25,OFF,1.0
12,26,27,PREF_D,1.0
12,27,2,OFF,1.0
12,27,3,PREF_N,1.0
12,27,9,OFF,1.0
12,27,11,PREF_D,1.0
12,27,17,PREF_D,1.0
12,27,21,OFF,1.0
12,27,28,OFF,1.0
12,28,2,OFF,1.0
12,28,13,PREF_N,1.0
12,28,19,PREF_D,1.0
12,28,25,OFF,1.0
12,28,26,PREF_N,1.0
12,28,31,OFF,1.0
12,29,7,OFF,1.0
12,29,16,OFF,1.0
12,29,21,OFF,1.0
12,29,23,PREF_D,1.0
12,29,26,OFF,1.0
12,29,30,OFF,1.0
12,30,4,OFF,1.0
12,30,12,PREF_N,1.0
12,30,15,OFF,1.0
12,30,17,OFF,1.0
12,30,26,OFF,1.0
12,30,27,OFF,1.0
12,31,2,OFF,1.0
12,31,6,OFF,1.0
12,31,17,PREF_D,1.0
12,31,22,OFF,1.0
12,31,24,PREF_E,1.0
12,31,31,OFF,1.0
12,32,14,OFF,1.0
12,32,22,OFF,1.0
12,32,24,OFF,1.0
12,32,29,OFF,1.0
12,33,6,OFF,1.0
12,33,13,OFF,1.0
12,33,15,PREF_D,1.0
12,33,22,PREF_N,1.0
12,33,23,PREF_N,1.0
12,33,24,OFF,1.0
12,33,26,PREF_E,1.0
12,33,31,OFF,1.0
12,34,2,PREF_N,1.0
12,34,10,OFF,1.0
12,34,13,PREF_E,1.0
12,34,15,OFF,1.0
12,34,17,OFF,1.0
12,34,24,PREF_N,1.0
12,34,27,OFF,1.0
12,34,30,OFF,1.0
12,35,3,PREF_E,1.0
12,35,10,OFF,1.0
12,35,15,PREF_N,1.0
12,35,23,PREF_D,1.0
12,36,1,OFF,1.0
12,36,11,OFF,1.0
12,36,13,OFF,1.0
12,36,16,OFF,1.0
12,36,18,PREF_E,1.0
12,36,21,OFF,1.0
12,36,25,PREF_D,1.0
12,37,5,OFF,1.0
12,37,6,PREF_D,1.0
12,37,18,OFF,1.0
12,37,22,PREF_N,1.0
12,38,3,PREF_D,1.0
12,38,10,OFF,1.0
12,39,6,PREF_N,1.0
12,39,9,OFF,1.0
12,39,10,OFF,1.0
12,39,16,OFF,1.0
12,39,18,PREF_D,1.0
12,39,19,OFF,1.0
12,39,27,OFF,1.0
13,0,6,PREF_E,1.0
13,0,8,PREF_N,1.0
13,0,11,OFF,1.0
13,0,14,PREF_D,1.0
13,0,19,OFF,1.0
13,0,23,OFF,1.0
13,0,26,PREF_N,1.0
13,0,29,OFF,1.0
13,0,30,PREF_N,1.0
13,0,31,PREF_E,1.0
13,1,2,OFF,1.0
13,1,5,OFF,1.0
13,1,8,OFF,1.0
13,1,12,PREF_N,1.0
13,1,17,OFF,1.0
13,1,20,PREF_D,1.0
13,1,21,PREF_E,1.0
13,1,24,OFF,1.0
13,2,2,OFF,1.0
13,2,10,PREF_E,1.0
13,2,28,OFF,1.0
13,3,7,PREF_E,1.0
13,3,11,PREF_E,1.0
13,3,12,OFF,1.0
13,3,19,PREF_D,1.0
13,3,22,PREF_D,1.0
13,3,26,OFF,1.0
13,3,28,OFF,1.0
13,4,2,OFF,1.0
13,4,17,OFF,1.0
13,4,28,PREF_N,1.0
13,4,30,OFF,1.0
13,5,4,OFF,1.0
13,5,15,OFF,1.0
13,5,31,PREF_E,1.0
13,6,9,PREF_E,1.0
13,6,15,PREF_D,1.0
13,6,17,PREF_D,1.0
13,6,18,PREF_D,1.0
13,6,19,OFF,1.0
13,6,24,PREF_N,1.0
13,7,6,PREF_D,1.0
13,7,7,PREF_D,1.0
13,7,13,OFF,1.0
13,7,21,PREF_E,1.0
13,7,22,OFF,1.0
13,8,19,OFF,1.0
13,8,22,PREF_D,1.0
13,8,29,PREF_N,1.0
13,8,30,PREF_E,1.0
13,9,6,PREF_D,1.0
13,9,8,PREF_N,1.0
13,9,11,PREF_D,1.0
13,9,18,PREF_N,1.0
13,9,20,OFF,1.0
13,9,24,OFF,1.0
13,9,25,OFF,1.0
13,9,26,OFF,1.0
13,9,28,PREF_E,1.0
13,10,1,PREF_N,1.0
13,10,5,PREF_D,1.0
13,10,21,OFF,1.0
13,10,25,OFF,1.0
13,10,28,OFF,1.0
13,11,1,PREF_E,1.0
13,11,4,OFF,1.0
13,11,8,PREF_E,1.0
13,11,11,OFF,1.0
13,11,12,OFF,1.0
13,11,14,OFF,1.0
13,11,17,OFF,1.0
13,11,20,OFF,1.0
13,12,1,PREF_N,1.0
13,12,6,PREF_D,1.0
13,12,7,PREF_D,1.0
13,12,9,PREF_D,1.0
13,12,12,OFF,1.0
13,12,16,PREF_D,1.0
13,12,28,OFF,1.0
13,13,1,PREF_D,1.0
13,13,2,OFF,1.0
13,13,3,OFF,1.0
13,13,4,PREF_E,1.0
13,13,5,OFF,1.0
13,13,6,PREF_E,1.0
13,13,11,PREF_E,1.0
13,13,27,OFF,1.0
13,14,2,OFF,1.0
13,14,7,PREF_D,1.0
13,14,14,PREF_D,1.0
13,15,1,PREF_E,1.0
13,15,4,PREF_E,1.0
13,15,7,PREF_N,1.0
13,15,12,OFF,1.0
13,15,13,PREF_D,1.0
13,15,21,PREF_N,1.0
13,15,25,PREF_D,1.0
13,15,26,PREF_E,1.0
13,16,3,PREF_E,1.0
13,16,10,PREF_D,1.0
13,16,24,OFF,1.0
13,16,26,PREF_D,1.0
13,17,12,OFF,1.0
13,17,15,PREF_D,1.0
13,17,18,PREF_E,1.0
13,17,22,PREF_E,1.0
13,17,28,OFF,1.0
13,17,31,OFF,1.0
13,18,1,PREF_E,1.0
13,18,5,OFF,1.0
13,18,22,PREF_E,1.0
13,18,25,OFF,1.0
13,19,4,PREF_N,1.0
13,19,11,OFF,1.0
13,19,14,OFF,1.0
13,19,19,PREF_E,1.0
13,20,1,PREF_N,1.0
13,20,3,PREF_D,1.0
13,20,4,PREF_N,1.0
13,20,8,OFF,1.0
13,20,14,OFF,1.0
13,20,18,OFF,1.0
13,20,19,PREF_D,1.0
13,20,24,OFF,1.0
13,20,31,OFF,1.0
13,21,2,OFF,1.0
13,21,6,OFF,1.0
13,21,13,OFF,1.0
13,21,15,PREF_E,1.0
13,21,19,OFF,1.0
13,21,25,PREF_E,1.0
13,21,26,OFF,1.0
13,22,11,PREF_E,1.0
13,22,12,OFF,1.0
13,22,13,PREF_D,1.0
13,22,14,PREF_N,1.0
13,22,22,PREF_E,1.0
13,22,23,PREF_E,1.0
13,22,25,PREF_D,1.0
13,23,2,OFF,1.0
13,23,12,PREF_N,1.0
13,23,18,PREF_E,1.0
13,23,19,PREF_N,1.0
13,23,22,PREF_N,1.0
13,23,31,OFF,1.0
13,24,5,OFF,1.0
13,24,7,PREF_E,1.0
13,24,8,OFF,1.0
13,24,14,PREF_E,1.0
13,24,15,OFF,1.0
13,24,18,PREF_D,1.0
13,24,27,OFF,1.0
13,25,2,PREF_D,1.0
13,25,11,OFF,1.0
13,25,12,PREF_N,1.0
13,25,16,OFF,1.0
13,25,22,OFF,1.0
13,25,23,OFF,1.0
13,25,25,PREF_D,1.0
13,25,26,OFF,1.0
13,26,1,OFF,1.0
13,26,7,PREF_E,1.0
13,26,8,PREF_E,1.0
13,26,12,PREF_E,1.0
13,26,13,OFF,1.0
13,26,16,OFF,1.0
13,26,19,OFF,1.0
13,26,31,PREF_E,1.0
13,27,7,OFF,1.0
13,27,8,PREF_N,1.0
13,27,11,OFF,1.0
13,27,15,OFF,1.0
13,27,29,OFF,1.0
13,28,1,OFF,1.0
13,28,12,OFF,1.0
13,28,15,OFF,1.0
13,28,20,OFF,1.0
13,28,25,OFF,1.0
13,29,6,OFF,1.0
13,29,8,PREF_N,1.0
13,29,10,PREF_D,1.0
13,29,14,PREF_N,1.0
13,29,16,PREF_N,1.0
13,29,18,OFF,1.0
13,29,20,OFF,1.0
13,29,26,PREF_D,1.0
13,29,28,OFF,1.0
13,30,9,OFF,1.0
13,30,12,PREF_D,1.0
13,30,15,PREF_E,1.0
13,30,25,OFF,1.0
13,30,29,OFF,1.0
13,31,3,PREF_D,1.0
13,31,4,PREF_E,1.0
13,31,9,PREF_E,1.0
13,31,16,OFF,1.0
13,31,18,PREF_E,1.0
13,31,22,OFF,1.0
13,32,2,OFF,1.0
13,32,14,PREF_N,1.0
13,32,19,OFF,1.0
13,32,23,OFF,1.0
13,32,26,PREF_D,1.0
13,32,30,OFF,1.0
13,32,31,PREF_E,1.0
13,33,15,PREF_D,1.0
13,33,19,OFF,1.0
13,33,23,OFF,1.0
13,33,27,PREF_D,1.0
13,34,1,OFF,1.0
13,34,2,OFF,1.0
13,34,5,OFF,1.0
13,34,7,PREF_N,1.0
13,34,16,OFF,1.0
13,34,21,OFF,1.0
13,35,11,OFF,1.0
13,35,14,PREF_D,1.0
13,35,19,OFF,1.0
13,35,20,PREF_D,1.0
13,35,25,OFF,1.0
13,35,30,PREF_E,1.0
13,36,4,OFF,1.0
13,36,8,PREF_E,1.0
13,36,9,OFF,1.0
13,36,13,PREF_E,1.0
13,36,21,OFF,1.0
13,36,23,PREF_D,1.0
13,36,25,OFF,1.0
13,36,27,OFF,1.0
13,37,13,PREF_E,1.0
13,37,14,OFF,1.0
13,37,22,OFF,1.0
13,37,25,OFF,1.0
13,37,28,PREF_D,1.0
13,38,10,OFF,1.0
13,38,14,PREF_D,1.0
13,38,16,OFF,1.0
13,38,21,OFF,1.0
13,38,25,OFF,1.0
13,38,28,PREF_N,1.0
13,38,29,PREF_N,1.0
13,38,30,PREF_N,1.0
13,39,5,PREF_E,1.0
13,39,7,OFF,1.0
13,39,18,OFF,1.0
13,39,20,OFF,1.0
13,39,26,OFF,1.0
14,0,5,OFF,1.0
14,0,12,PREF_N,1.0
14,0,15,OFF,1.0
14,0,17,PREF_E,1.0
14,0,20,PREF_D,1.0
14,0,24,OFF,1.0
14,0,26,PREF_E,1.0
14,1,2,PREF_N,1.0
14,1,3,PREF_D,1.0
14,1,4,OFF,1.0
14,1,7,PREF_D,1.0
14,1,10,OFF,1.0
14,1,20,OFF,1.0
14,2,4,PREF_N,1.0
14,2,9,PREF_E,1.0
14,2,16,PREF_N,1.0
14,2,17,PREF_N,1.0
14,2,22,OFF,1.0
14,2,24,OFF,1.0
14,3,3,OFF,1.0
14,3,6,PREF_E,1.0
14,4,6,OFF,1.0
14,4,7,OFF,1.0
14,4,19,OFF,1.0
14,5,9,OFF,1.0
14,5,19,OFF,1.0
14,5,21,PREF_N,1.0
14,5,24,PREF_D,1.0
14,5,28,PREF_N,1.0
14,6,2,PREF_N,1.0
14,6,19,OFF,1.0
14,6,24,PREF_E,1.0
14,7,10,OFF,1.0
14,7,19,PREF_N,1.0
14,7,21,PREF_D,1.0
14,7,23,OFF,1.0
14,7,25,PREF_E,1.0
14,8,2,OFF,1.0
14,8,8,PREF_N,1.0
14,8,10,PREF_N,1.0
14,9,7,PREF_E,1.0
14,9,9,PREF_E,1.0
14,9,12,OFF,1.0
14,9,16,OFF,1.0
14,9,23,OFF,1.0
14,9,24,OFF,1.0
14,10,6,OFF,1.0
14,10,10,OFF,1.0
14,10,22,PREF_D,1.0
14,10,23,OFF,1.0
14,10,24,OFF,1.0
14,10,26,PREF_E,1.0
14,11,3,OFF,1.0
14,11,10,PREF_E,1.0
14,11,14,PREF_N,1.0
14,11,17,PREF_E,1.0
14,11,23,PREF_N,1.0
14,11,25,OFF,1.0
14,12,24,OFF,1.0
14,12,28,PREF_D,1.0
14,13,5,PREF_D,1.0
14,13,6,OFF,1.0
14,13,16,OFF,1.0
14,14,5,OFF,1.0
14,14,15,PREF_D,1.0
14,14,22,OFF,1.0
14,14,26,OFF,1.0
14,15,2,PREF_E,1.0
14,15,3,OFF,1.0
14,15,8,PREF_E,1.0
14,15,16,PREF_D,1.0
14,15,17,PREF_D,1.0
14,15,21,OFF,1.0
14,15,22,OFF,1.0
14,16,7,PREF_N,1.0
14,16,15,OFF,1.0
14,16,20,OFF,1.0
14,16,25,PREF_D,1.0
14,16,26,OFF,1.0
14,17,5,OFF,1.0
14,17,6,PREF_D,1.0
14,17,7,PREF_N,1.0
14,17,8,OFF,1.0
14,17,13,OFF,1.0
14,17,18,PREF_N,1.0
14,18,9,PREF_N,1.0
14,18,19,PREF_D,1.0
14,18,26,PREF_E,1.0
14,19,2,PREF_D,1.0
14,19,11,OFF,1.0
14,19,13,PREF_E,1.0
14,19,27,OFF,1.0
14,19,28,PREF_N,1.0
14,20,3,PREF_N,1.0
14,20,11,OFF,1.0
14,20,19,PREF_E,1.0
14,20,20,OFF,1.0
14,21,5,OFF,1.0
14,21,15,OFF,1.0
14,21,16,OFF,1.0
14,21,25,PREF_E,1.0
14,22,3,PREF_D,1.0
14,22,8,OFF,1.0
14,22,9,OFF,1.0
14,22,11,PREF_D,1.0
14,22,15,PREF_D,1.0
14,22,16,OFF,1.0
14,22,20,OFF,1.0
14,22,21,OFF,1.0
14,22,22,PREF_E,1.0
14,23,1,PREF_N,1.0
14,23,6,PREF_E,1.0
14,23,10,OFF,1.0
14,23,12,OFF,1.0
14,23,14,OFF,1.0
14,23,23,OFF,1.0
14,23,25,OFF,1.0
14,23,28,PREF_N,1.0
14,24,7,PREF_N,1.0
14,24,24,PREF_N,1.0
14,24,26,OFF,1.0
14,24,28,PREF_E,1.0
14,25,6,PREF_N,1.0
14,25,8,PREF_D,1.0
14,25,16,OFF,1.0
14,26,1,PREF_D,1.0
14,26,14,OFF,1.0
14,26,16,OFF,1.0
14,26,19,OFF,1.0
14,27,2,OFF,1.0
14,27,20,PREF_D,1.0
14,27,27,OFF,1.0
14,27,28,OFF,1.0
14,28,2,PREF_D,1.0
14,28,3,PREF_D,1.0
14,28,6,OFF,1.0
14,28,8,PREF_E,1.0
14,28,12,OFF,1.0
14,28,18,OFF,1.0
14,28,24,PREF_E,1.0
14,28,25,OFF,1.0
14,29,6,OFF,1.0
14,29,18,PREF_D,1.0
14,29,19,OFF,1.0
14,29,24,PREF_D,1.0
14,30,1,OFF,1.0
14,30,2,OFF,1.0
14,30,7,PREF_D,1.0
14,30,9,OFF,1.0
14,30,13,OFF,1.0
14,30,27,PREF_N,1.0
14,31,2,PREF_D,1.0
14,31,5,OFF,1.0
14,31,7,OFF,1.0
14,31,10,PREF_E,1.0
14,31,27,OFF,1.0
14,32,11,PREF_D,1.0
14,32,21,PREF_E,1.0
14,32,24,OFF,1.0
14,32,28,OFF,1.0
14,33,7,PREF_D,1.0
14,33,25,OFF,1.0
14,33,27,PREF_D,1.0
14,34,2,PREF_E,1.0
14,34,5,OFF,1.0
14,34,8,OFF,1.0
14,34,11,OFF,1.0
14,34,22,PREF_D,1.0
14,34,28,PREF_N,1.0
14,35,11,OFF,1.0
14,35,25,OFF,1.0
14,36,6,OFF,1.0
14,36,7,OFF,1.0
14,36,8,OFF,1.0
14,36,9,OFF,1.0
14,36,14,OFF,1.0
14,36,15,OFF,1.0
14,36,16,PREF_N,1.0
14,36,18,PREF_E,1.0
14,36,22,PREF_N,1.0
14,36,25,OFF,1.0
14,37,8,OFF,1.0
14,37,12,PREF_N,1.0
14,37,14,OFF,1.0
14,37,20,PREF_N,1.0
14,37,25,OFF,1.0
14,38,4,PREF_N,1.0
14,38,5,OFF,1.0
14,38,12,PREF_E,1.0
14,38,13,PREF_N,1.0
14,38,21,OFF,1.0
14,38,25,OFF,1.0
14,39,11,OFF,1.0
14,39,13,PREF_E,1.0
14,39,18,OFF,1.0
14,39,22,OFF,1.0
14,39,25,OFF,1.0
15,0,10,OFF,1.0
15,0,12,OFF,1.0
15,0,17,PREF_D,1.0
15,0,23,PREF_D,1.0
15,1,4,PREF_E,1.0
15,1,8,PREF_D,1.0
15,1,9,PREF_E,1.0
15,1,11,PREF_D,1.0
15,1,12,PREF_D,1.0
15,1,14,OFF,1.0
15,1,17,OFF,1.0
15,1,19,OFF,1.0
15,1,20,OFF,1.0
15,1,30,PREF_N,1.0
15,2,2,OFF,1.0
15,2,5,PREF_D,1.0
15,2,18,OFF,1.0
15,2,20,PREF_N,1.0
15,2,22,OFF,1.0
15,2,27,PREF_E,1.0
15,2,30,OFF,1.0
15,3,2,OFF,1.0
15,3,5,PREF_N,1.0
15,3,17,PREF_D,1.0
15,3,22,PREF_D,1.0
15,4,3,OFF,1.0
15,4,7,OFF,1.0
15,4,10,PREF_E,1.0
15,4,11,PREF_E,1.0
15,4,13,PREF_N,1.0
15,4,19,PREF_N,1.0
15,4,21,PREF_E,1.0
15,4,22,OFF,1.0
15,4,23,PREF_D,1.0
15,4,26,PREF_E,1.0
15,4,28,PREF_D,1.0
15,5,1,OFF,1.0
15,5,2,OFF,1.0
15,5,5,OFF,1.0
15,5,8,PREF_E,1.0
15,5,19,OFF,1.0
15,5,27,OFF,1.0
15,5,29,OFF,1.0
15,6,2,PREF_N,1.0
15,6,6,PREF_N,1.0
15,6,14,OFF,1.0
15,6,16,OFF,1.0
15,6,25,PREF_D,1.0
15,7,8,PREF_N,1.0
15,7,11,OFF,1.0
15,7,31,PREF_E,1.0
15,8,1,OFF,1.0
15,8,4,OFF,1.0
15,8,18,OFF,1.0
15,8,20,PREF_N,1.0
15,8,24,OFF,1.0
15,8,26,OFF,1.0
15,8,30,OFF,1.0
15,8,31,PREF_D,1.0
15,9,5,PREF_D,1.0
15,9,9,OFF,1.0
15,9,10,OFF,1.0
15,9,18,OFF,1.0
15,9,19,PREF_D,1.0
15,9,21,PREF_E,1.0
15,10,2,OFF,1.0
15,10,13,PREF_E,1.0
15,10,16,PREF_E,1.0
15,10,22,PREF_D,1.0
15,10,27,PREF_D,1.0
15,11,10,PREF_E,1.0
15,11,29,PREF_E,1.0
15,12,8,OFF,1.0
15,12,23,OFF,1.0
15,12,28,OFF,1.0
15,12,31,PREF_D,1.0
15,13,6,OFF,1.0
15,13,16,PREF_D,1.0
15,13,17,OFF,1.0
15,13,20,PREF_D,1.0
15,13,26,OFF,1.0
15,14,4,OFF,1.0
15,14,9,OFF,1.0
15,14,10,OFF,1.0
15,14,11,OFF,1.0
15,14,14,PREF_N,1.0
15,14,15,OFF,1.0
15,14,16,OFF,1.0
15,14,29,PREF_E,1.0
15,14,30,OFF,1.0
15,15,2,OFF,1.0
15,15,3,PREF_E,1.0
15,15,16,PREF_N,1.0
15,15,19,OFF,1.0
15,15,24,PREF_E,1.0
15,15,26,PREF_E,1.0
15,16,3,OFF,1.0
15,16,5,OFF,1.0
15,16,13,PREF_E,1.0
15,16,25,OFF,1.0
15,16,29,OFF,1.0
15,17,2,OFF,1.0
15,17,4,OFF,1.0
15,17,11,OFF,1.0
15,17,27,OFF,1.0
15,17,31,OFF,1.0
15,18,7,PREF_E,1.0
15,18,13,OFF,1.0
15,18,23,PREF_N,1.0
15,18,27,PREF_D,1.0
15,19,10,OFF,1.0
15,19,18,OFF,1.0
15,19,25,OFF,1.0
15,19,26,PREF_E,1.0
15,19,29,PREF_E,1.0
15,20,5,OFF,1.0
15,20,7,PREF_N,1.0
15,20,14,OFF,1.0
15,20,17,OFF,1.0
15,20,18,PREF_D,1.0
15,20,27,OFF,1.0
15,21,4,OFF,1.0
15,21,11,PREF_E,1.0
15,21,19,OFF,1.0
15,21,24,OFF,1.0
15,22,8,OFF,1.0
15,22,9,PREF_E,1.0
15,22,14,OFF,1.0
15,22,18,PREF_N,1.0
15,22,30,OFF,1.0
15,23,1,OFF,1.0
15,23,5,PREF_N,1.0
15,23,10,OFF,1.0
15,23,12,OFF,1.0
15,23,14,PREF_N,1.0
15,23,17,OFF,1.0
15,23,20,OFF,1.0
15,23,21,OFF,1.0
15,23,23,OFF,1.0
15,23,25,PREF_D,1.0
15,23,28,PREF_N,1.0
15,24,5,PREF_D,1.0
15,24,8,OFF,1.0
15,24,16,PREF_E,1.0
15,24,20,OFF,1.0
15,25,3,OFF,1.0
15,25,9,PREF_E,1.0
15,25,22,PREF_D,1.0
15,25,23,OFF,1.0
15,25,24,OFF,1.0
15,26,1,PREF_N,1.0
15,26,11,PREF_E,1.0
15,26,12,OFF,1.0
15,26,17,OFF,1.0
15,26,25,PREF_E,1.0
15,26,27,PREF_D,1.0
15,27,6,OFF,1.0
15,27,7,PREF_D,1.0
15,27,12,PREF_N,1.0
15,27,17,PREF_N,1.0
15,27,22,OFF,1.0
15,27,25,PREF_E,1.0
15,28,3,OFF,1.0
15,28,4,OFF,1.0
15,28,9,OFF,1.0
15,28,17,OFF,1.0
15,28,20,PREF_D,1.0
15,29,3,OFF,1.0
15,29,17,PREF_D,1.0
15,29,25,OFF,1.0
15,29,31,PREF_D,1.0
15,30,13,OFF,1.0
15,30,14,PREF_N,1.0
15,30,15,OFF,1.0
15,30,18,OFF,1.0
15,30,19,PREF_N,1.0
15,30,22,OFF,1.0
15,30,23,PREF_N,1.0
15,30,28,OFF,1.0
15,31,3,PREF_E,1.0
15,31,6,OFF,1.0
15,31,8,PREF_N,1.0
15,31,10,PREF_N,1.0
15,31,17,OFF,1.0
15,31,19,PREF_E,1.0
15,31,21,PREF_D,1.0
15,31,26,OFF,1.0
15,32,3,PREF_N,1.0
15,32,4,OFF,1.0
15,32,9,PREF_N,1.0
15,33,5,PREF_N,1.0
15,33,11,OFF,1.0
15,33,25,PREF_D,1.0
15,33,29,PREF_E,1.0
15,33,31,PREF_D,1.0
15,34,2,OFF,1.0
15,34,5,OFF,1.0
15,34,9,PREF_E,1.0
15,34,18,OFF,1.0
15,34,30,OFF,1.0
15,35,5,OFF,1.0
15,35,7,OFF,1.0
15,35,9,OFF,1.0
15,35,13,OFF,1.0
15,35,21,OFF,1.0
15,35,22,PREF_E,1.0
15,35,26,OFF,1.0
15,35,31,PREF_D,1.0
15,36,2,OFF,1.0
15,36,5,OFF,1.0
15,36,14,OFF,1.0
15,36,16,OFF,1.0
15,36,19,PREF_N,1.0
15,36,25,OFF,1.0
15,37,1,PREF_N,1.0
15,37,7,PREF_N,1.0
15,37,18,OFF,1.0
15,37,26,PREF_E,1.0
15,37,29,OFF,1.0
15,38,5,OFF,1.0
15,38,10,OFF,1.0
15,38,19,OFF,1.0
15,38,23,PREF_E,1.0
15,38,26,PREF_N,1.0
15,39,3,PREF_E,1.0
15,39,6,PREF_D,1.0
15,39,8,PREF_D,1.0
15,39,12,PREF_E,1.0
15,39,13,PREF_E,1.0
15,39,18,OFF,1.0
15,39,20,OFF,1.0
15,39,26,OFF,1.0
15,39,27,OFF,1.0
15,39,28,OFF,1.0
